line_oa_id,line_oa_user_uid,student_code,created_at
4,Ua860ecc4592bfac549e8c4ba5e0786a0,691105035,"2026-04-10 10:43:06"
4,U9b0c3dd10d2cbec51f7c4c69549f8a91,691107875,"2026-04-09 23:47:22"
4,U846afd67cf584e14db5713efd3079ac0,691201352,"2026-04-09 17:49:32"
4,U191e5d3d3d62cc4b7c22a6263ecefce7,691113541,"2026-04-09 16:32:54"
4,U745fcdf554f82ee3b7efecb758f2b9d3,691200877,"2026-04-09 15:33:43"
4,U4d609163057192dc0772ed9a18fe6fc3,691200487,"2026-04-09 15:19:57"
4,U02ee9664f7e546f6afe0e5d407a0a527,691200534,"2026-04-09 15:18:54"
4,U05f0c7f098c741afbff1e1a100391cef,691202358,"2026-04-09 15:15:56"
4,U28f4626d14eae3eebc6a537c17d2b138,681110224,"2026-04-09 14:37:14"
4,Ub0f6c03af249affe459da0a49f2dceea,691112367,"2026-04-09 14:11:34"
4,Uf51bbfb8fc76a0bd3f4de0ed3f419777,671114959,"2026-04-09 13:35:03"
4,Ud0adf404f725c98fb41c46a84b3b45bd,691108685,"2026-04-09 13:29:22"
4,U02747ddab8a09baed19071dea66c7e18,671100811,"2026-04-09 10:28:19"
4,U0a541052fa101fef68c54791568006f4,691111159,"2026-04-09 10:04:52"
4,Ub80dd7971881b04ca2356f24c76f039f,691400184,"2026-04-09 09:21:30"
4,U13b79400ecd266cfdd439d5916d77a23,691900825,"2026-04-09 01:22:11"
4,Ubf634f9bcfa76fc6ff6ce04b3fa930a3,691110103,"2026-04-08 21:00:54"
4,Uc3cd9995578f8292db0ce814e1227577,691900401,"2026-04-08 18:17:09"
4,U25982217c47c5d00aa1f6527a648569f,691900875,"2026-04-08 16:59:56"
4,U502e21168f977e2245cb765477f00c54,691113567,"2026-04-08 16:26:25"
4,U7375b0ef056d1e6479617902063be106,691107053,"2026-04-08 14:24:46"
4,U13114739954f55853beb171cf9c32400,691900312,"2026-04-08 13:17:51"
4,U0735fc9ede1e5308cbadfcd50c2b030e,691202324,"2026-04-08 12:00:24"
4,U495d408687f00a9186ca276cf52118ee,691900061,"2026-04-08 10:52:49"
4,U41f596a3ff939a9d2207f20ed26442b2,691900794,"2026-04-08 10:49:22"
4,U45d17e9608d3b8e806bf5bbbdeb7dedc,691900346,"2026-04-08 09:08:09"
4,Ue5b1513b1c31713996b0b73237e20bf1,691901059,"2026-04-08 09:00:42"
4,U8b93e38d2e945a5d7c288089880ff135,691112202,"2026-04-08 06:13:25"
4,Ua550739b8d5c3f866a0cef84626bca34,691900906,"2026-04-07 23:53:59"
4,U435c6f6b9488e59bc05f1275fd37f5c9,691900809,"2026-04-07 22:08:00"
4,U26d4074747943276fa150c865f7f4dcd,691900451,"2026-04-07 22:04:54"
4,U9acfbc831f497c943d659d8f20500f73,691900485,"2026-04-07 21:32:19"
4,Udbe8f89c5402adb709aa0cd3c4213d25,691900891,"2026-04-07 21:17:51"
4,U06fd4314d2ef7da98ff8e95b58c46678,691900710,"2026-04-07 21:10:08"
4,U66d6e2dc587db43ca91c86dcc5aa8fc9,691900582,"2026-04-07 21:04:22"
4,Ubdf2f7eccc156917580b86d8d2c49c0f,691900655,"2026-04-07 20:56:23"
4,Ude4d96a26f589d9039d8c0fe24af5851,691900273,"2026-04-07 20:55:30"
4,Uf8de1927b912b119cd6e8e31fd2a9d11,691900100,"2026-04-07 20:46:28"
4,U3ee2e980a04c2b71f3183cc38b51eaf4,691900469,"2026-04-07 20:35:10"
4,U0f5c02a5fd0ad19132a3a3b9d300f248,691103677,"2026-04-07 20:34:28"
4,U31a326e1c928db934a24974b24b6a1d3,691900728,"2026-04-07 20:22:18"
4,U8063009abcebffc437222a9d9907564f,691900566,"2026-04-07 20:11:11"
4,U4135dff8aec38be2fc64a411972dfeed,691900338,"2026-04-07 20:06:47"
4,Ub399ef9b0b990703e11bed6e32840965,691901075,"2026-04-07 20:05:05"
4,U62d94dad5eb826f42090ef2c26773a10,691901083,"2026-04-07 20:02:08"
4,U49fe484a824c8be164e567137763c0b5,691900079,"2026-04-07 19:56:03"
4,U405d8a98f9ecc911e39b6eb8b68b709b,691900914,"2026-04-07 19:48:58"
4,Uf46e4fb1d0f1ef5df6fc30ad035a0509,691900736,"2026-04-07 19:40:35"
4,U258bb363b62d89fe2292a4af54107db0,691900671,"2026-04-07 19:31:48"
4,Ud1aa3e4fa7e8e804d84e8817417ba803,691900964,"2026-04-07 19:29:16"
4,U61b978a813bcced5dc31ef0308513423,691900613,"2026-04-07 19:26:41"
4,U160d313916a594cd3df5b3aecf33b9f8,691900231,"2026-04-07 19:24:12"
4,U054832208a3cec29345eaaea621e8673,691900883,"2026-04-07 19:21:27"
4,Ue8f11f922d889fd4b0f50d38dc1db3cd,691901091,"2026-04-07 19:15:51"
4,U0a6cbd2e4319ae7ce2c1d678a00ee779,691900320,"2026-04-07 19:14:53"
4,U1295cae09e7cd5bdeed87263b2a08243,691900702,"2026-04-07 19:11:21"
4,U2bb51e0080cd1213b2d9dcf29b108856,691900142,"2026-04-07 19:03:56"
4,Uba6f1a8f088b7b715d3c644b44046ce4,691900192,"2026-04-07 18:59:46"
4,U7ee0f1d46b2c85d3a7549274535ef06d,691900574,"2026-04-07 18:52:50"
4,Ub4abb818a2861a0ebe8a4845925f7104,691900087,"2026-04-07 18:46:36"
4,Ua3e2d8f5ff0d134f03a35a6f2ab43fce,691901106,"2026-04-07 18:46:13"
4,U3b0197a03683bac0b003fcc9adccc9c0,691901025,"2026-04-07 18:44:52"
4,U0615bf44102f79998de7827b53302a4f,691900663,"2026-04-07 18:40:17"
4,U1767f4d2086341eee5e0e824c891d02c,691900095,"2026-04-07 18:37:37"
4,U2bc479585d345a4e58a800cc886482ba,691901033,"2026-04-07 18:35:04"
4,Uc69c80f44422580501200f3b9dc453a9,691900689,"2026-04-07 18:33:40"
4,U12f6a6f16c75c1fc872de71a3a13bb71,691900532,"2026-04-07 18:32:03"
4,U5bbe4b71fd07c72e633140b6b52c6fb4,691900396,"2026-04-07 18:29:54"
4,U5647c37d3dcc9b3a33b03d626e0ca0fc,691901017,"2026-04-07 18:26:54"
4,U5f4343d8a816141c0bef43288a96395a,691900639,"2026-04-07 18:22:42"
4,Uf17862215c18cd7f3214896213c2b2c7,691900786,"2026-04-07 18:22:14"
4,U0f32d49926068b4313a22ee7c26469b6,691900605,"2026-04-07 18:18:50"
4,U875b3c918b2fdf92c2a639dd04f93c5c,691900176,"2026-04-07 18:18:09"
4,U4408826c26d51afea499dcba5d242b1d,691900223,"2026-04-07 18:17:29"
4,U595df150c96a3f01e672bc8ac62dd3c1,691900304,"2026-04-07 18:16:43"
4,Ue680d512a01014b1ce534334962c75d1,691900922,"2026-04-07 18:14:41"
4,Uec2e6b9e654001c92f6ef49bc8eb11f6,691900443,"2026-04-07 18:13:33"
4,U6cc1cf0aecd8a7c2e62e8274ec70674b,691900825,"2026-04-07 18:12:57"
4,U6fbcf5f2dc10e4839ce2c221199638fb,691201506,"2026-04-07 16:50:48"
4,U50c8b91e1b251671271c4127995516a4,651108899,"2026-04-07 15:21:11"
4,U94a395d0b8c26e618200a28a47c34681,691112278,"2026-04-07 15:13:33"
4,Ude37e7b48a6159d5491b07de31a38d25,671119747,"2026-04-07 15:08:59"
4,U3c4a91ec33d174f0eca3219f6ed6f24d,691109348,"2026-04-07 15:05:50"
4,U0d1479a87b6095de85670045b78aa33d,691201603,"2026-04-07 14:32:58"
4,U934a7a7f7c266aff9582a578e07276bd,691201522,"2026-04-07 14:24:50"
4,U8d11698589f2882ae0820939f6caa9a4,691201132,"2026-04-07 14:15:48"
4,U05889eb34f7f82f0a8d681700687c02c,691201695,"2026-04-07 14:14:14"
4,Ubde611c5cd835b535c317c6d1d0b3df8,691200869,"2026-04-07 14:13:57"
4,U1c638ef2c8319efc070e27f7e0f7c059,691110852,"2026-04-07 14:13:51"
4,U93a760cdee3d4bfcee6320c24c04a37f,691110886,"2026-04-07 14:13:32"
4,U1db7c2377ea43828f23b3f827a5144a8,691111476,"2026-04-07 13:29:02"
4,Ufa73db2dd05a39a6f75b9b0cad3a14a9,691104348,"2026-04-07 12:18:26"
4,U6f1e616eb2697dea95555a01ca7e9363,691200924,"2026-04-07 12:17:12"
4,Udc013900a5391f6871a1ccd2ee4ec7a1,691111387,"2026-04-07 11:35:15"
4,U7a6e7439b796f82b74febdf7d81e8e38,681201407,"2026-04-07 11:09:21"
4,U6910654af229a8b41d73fb474069574e,691103619,"2026-04-07 11:00:39"
4,Uf3470d21f47be4c93487eb97ccc7e12a,691111353,"2026-04-07 10:56:42"
4,Ueba41b1f52c8c1387455d91e8a6a6fdb,671119747,"2026-04-07 10:38:18"
4,U8dc42efda6290afe0f4de7836eb60c28,691104699,"2026-04-07 10:11:16"
4,Ucac115db96d696e2a40779ec78a6e9fc,691102689,"2026-04-07 10:03:11"
4,U602bfce072ad0fd9c999e9c8d75e2c37,691111468,"2026-04-07 02:00:03"
4,Uf076697722996880e399ad411d8bfe69,691108538,"2026-04-06 20:56:49"
4,U4498722f5473d532a3f0bdd0d3c33b6d,681117014,"2026-04-06 20:24:58"
4,Ub1154b651954329cbce33ded777b0020,691109754,"2026-04-06 19:18:58"
4,Ue19411596b975a6f020e2822de3fd7e2,691108318,"2026-04-06 16:44:38"
4,Ue1bab216a559e80f81c2563dfc8aa193,691112901,"2026-04-06 11:07:50"
4,U077322906c4f3e1d070b26bc12b5e996,691106950,"2026-04-06 08:43:30"
4,U397be2335d432270213d41b8143b8343,691112723,"2026-04-05 22:40:31"
4,U95b2cb563e72681b545ca6b84ad32486,691202081,"2026-04-05 19:26:38"
4,U36f3d70c1a6b2ef35eef2eef4a13ce70,691107451,"2026-04-05 18:13:14"
4,U4dfdb9f5e924749dbebdc5afad751b92,691201750,"2026-04-05 17:12:14"
4,U3b4865b95c1aea700ca2bb58b75965e0,651113284,"2026-04-05 10:22:17"
4,U6009faf61bf883a334ec5c67b20eddbf,691113216,"2026-04-04 23:28:47"
4,U697b1c174fa48c9d22debcb0fe2ef17d,691113169,"2026-04-04 21:42:54"
4,U34c6c29ded927d8ad2da15fe93900c5e,691200550,"2026-04-04 21:38:18"
4,Udea850cbda7e9879ba9dcac88b0dfa57,691108368,"2026-04-04 17:47:59"
4,Uaf5c3f0c42b697a0b5a6b125cd5313db,691111086,"2026-04-04 17:47:45"
4,Ue65f84f5da8250de47af012b090dd7a8,691200495,"2026-04-04 15:47:30"
4,U26fc88deeead336261922081c431859e,651117026,"2026-04-04 12:25:09"
4,Ue3e7406c65beb3f1a4d8b83d71dbad61,691111484,"2026-04-04 10:20:26"
4,Uff9e944bec4eea35320aa5d4c27a4f67,691200770,"2026-04-04 09:55:31"
4,U15269ee5cb8444e898b6a1602adee953,691900053,"2026-04-04 09:38:36"
4,U030ea1300bcf7d667968da79928bb737,691107922,"2026-04-04 07:37:58"
4,U90cb1b4e244024b0b0ce54a86336a17f,691112155,"2026-04-04 05:17:39"
4,Ue7baf4a0054244ae3b93725763566bab,691113151,"2026-04-04 02:44:46"
4,Uecd4c6a4683bbd8d0db28d30502cf07c,691110755,"2026-04-03 23:45:44"
4,U3cabefb6d3579328829a779603517d60,691105946,"2026-04-03 21:06:48"
4,U97078aa43784bbda15b2bd915820a412,691111777,"2026-04-03 21:04:59"
4,U5b22f60eb302fce837b7730c146b1c52,691112529,"2026-04-03 20:40:09"
4,U2b8416565651ef6402aa7d23f21f5bd9,691900752,"2026-04-03 20:09:24"
4,U5c843502f64ca737c4ae7595051bdc25,691109796,"2026-04-03 19:35:09"
4,Ud0cf1c829ecb4857b9779593daa3bc03,691201742,"2026-04-03 19:18:48"
4,U8d76e236a32593b572e9307562e25325,691109851,"2026-04-03 18:58:37"
4,Ub247356cb13dd76f5124c820cf8cb084,691901172,"2026-04-03 18:57:47"
4,U1656526f7b9a567a72734e450dda2fd6,691111230,"2026-04-03 18:46:02"
4,U310c7852a619dcfa2cdf798dd19ae041,691201734,"2026-04-03 18:36:53"
4,U312078ea848546e80c3a4361bfd74ec6,691112765,"2026-04-03 18:27:28"
4,U4bb30186af66a19c04edc45b0788bec0,691112919,"2026-04-03 17:59:16"
4,U67778bcc07aa545ec78fa05a14e52d9d,691106374,"2026-04-03 17:55:55"
4,U62edde23074fa32c0d42ce6eb72cc83c,691106976,"2026-04-03 17:52:36"
4,U57b6f52158b85ced0d60a80f48ed957b,691112448,"2026-04-03 17:40:31"
4,Ue7abfa38179d5fe348549ba4e232a8fa,691105467,"2026-04-03 17:32:54"
4,Ufe3dfae8a8c9e847781014cfcc89b33e,691901156,"2026-04-03 17:21:53"
4,Ua102bde6601ed9f52407b87f916a5a19,691201116,"2026-04-03 17:03:30"
4,U67616218e5715bbc5883a116e5bd827e,691110226,"2026-04-03 17:00:58"
4,U078cd75f0882e733248f75f6778c3bc2,691201467,"2026-04-03 16:52:38"
4,U4491c18090297e791128f5fb93187850,681200427,"2026-04-03 16:51:34"
4,U6a72d3aeb9eea0d818eb3f365e88f716,691110624,"2026-04-03 16:50:17"
4,U9c0f7631015d1270b2e3bcc3b907f661,691101201,"2026-04-03 16:48:48"
4,Uc6eaa2a09bfada50dc9f82791ad31c46,691202332,"2026-04-03 16:46:05"
4,Uc1b46ae4a59bef6c10a6bb68e8aa967e,651111779,"2026-04-03 16:45:17"
4,U2d66d21ea12f3aceb3f145c6c5335b64,691102964,"2026-04-03 16:41:19"
4,U9c1b8f190efca67585a153350b578cba,691112228,"2026-04-03 16:32:46"
4,U73ea4a87abc2c2b5bba39ca7ba19dab4,691113193,"2026-04-03 16:31:34"
4,U9f7cc8db5e5216724548fa46f59b226c,691901164,"2026-04-03 16:28:57"
4,U70006973e85fe22eef9abfa16aab1a66,651101790,"2026-04-03 16:25:19"
4,U5e15e717daba294738aef4973ee37202,691202104,"2026-04-03 16:18:20"
4,Uabd300574ac5b876fbc8b90fc2f4aaa0,661500572,"2026-04-03 16:15:06"
4,U7218765ea5d301bbdc61442217a2b588,691110218,"2026-04-03 16:08:23"
4,Ueef96c567dc2fd34f81ceb4d1971c020,691110420,"2026-04-03 16:01:40"
4,U3f65e92944d7182eeca3743d08b25dd5,691200348,"2026-04-03 15:54:38"
4,Ue118e570ac485ddbd915efc9247115ad,672200096,"2026-04-03 15:48:26"
4,Ub4747e961493b7614944bf8e4f95275c,651500465,"2026-04-03 15:45:43"
4,U3e27694b94b0f47318df971a8c5c733c,681202835,"2026-04-03 15:44:21"
4,U204403b95af1e4ca02f92994a501b247,681118963,"2026-04-03 15:42:39"
4,Uf2615df646121de46648d81a6568788b,681400629,"2026-04-03 15:42:18"
4,Ud0a560a264891e6125e4d6fa79d3c1f6,691111400,"2026-04-03 15:42:08"
4,Ud037aa0baad71f26a8eeb16b8541239a,661500514,"2026-04-03 15:41:55"
4,Uaa4cac5440e07249b9710f0362fd65f6,651116046,"2026-04-03 15:41:39"
4,U434ffcfda77f303dff0eb17d321ac41b,681114529,"2026-04-03 15:41:22"
4,Ue8a6e4e464d9e4313ea2ad0857bba95b,682200103,"2026-04-03 15:41:11"
4,U0b6165e30856780e46a3cf634e1abce2,671402336,"2026-04-03 15:40:55"
4,U0ddbed2d46373fb7bcecf99579de81e8,671113458,"2026-04-03 15:40:43"
4,Ua80db3e74830e99db8dcb3a03023ea1a,681116945,"2026-04-03 15:40:14"
4,U962ada3a0c980e89af0e95d431310e26,681202233,"2026-04-03 15:40:02"
4,Ue097d26aca53455cbccd89f9084a888b,681900522,"2026-04-03 15:39:53"
4,U55f9f0de4e5286d146dbea8b7b605b8e,661109790,"2026-04-03 15:39:41"
4,U7de4d0ebdd9505870e347bfa0d6c2211,681111351,"2026-04-03 15:39:29"
4,U672916d3af564f20b36effbb69d7922b,681117747,"2026-04-03 15:39:18"
4,Ucd5bdd8d7d9b506a5e923ff89c14b593,671200750,"2026-04-03 15:39:05"
4,U4d14883aa324f2aa7ede02374375acf0,661102489,"2026-04-03 15:38:27"
4,Ucdc37188bb002d32b77215156cc4f627,682400088,"2026-04-03 15:38:12"
4,U864b0c7683a86cdf535ec77179500887,671114797,"2026-04-03 15:38:01"
4,U2746e0141f6e61d1aa3592c9c3f7ef79,661104936,"2026-04-03 15:36:53"
4,U38007aaa39af057fcf84a3159a116819,661115327,"2026-04-03 15:36:40"
4,U54820a551d7aa661a1b98000fbab9837,641103318,"2026-04-03 15:36:29"
4,U704a074c4ed7d1343e2a56df45731779,641118494,"2026-04-03 15:36:03"
4,U455a5481c66de08fcf23e9b59aed27bf,691900079,"2026-04-03 15:35:50"
4,U0da7c2c8391309de813003c3f6f7c494,662100058,"2026-04-03 15:35:35"
4,Ucab27c30189144e4f7a10f3491a05849,671500841,"2026-04-03 15:34:54"
4,U781914a220734974a1d95515dd7fa8f6,681200477,"2026-04-03 15:34:37"
4,Ue1e7ae2cd250998ce049929b350c484d,681200744,"2026-04-03 15:34:24"
4,U7c12b93868ee3b678e29ec41af7124c4,671201900,"2026-04-03 15:34:07"
4,U4a4c35ba08661c7077bfaeafd7ecd92c,681203035,"2026-04-03 15:33:50"
4,Ue9d3dc9857d9831484834869b17fb6c4,681203001,"2026-04-03 15:24:55"
4,Ue15fcb4530328f013f0c8d74cda2ec1c,681401510,"2026-04-03 15:21:33"
4,U65e3f2582b58721810343f31f814db11,661106768,"2026-04-03 15:20:48"
4,U9bf99ff40e7cc18412388dda6e4aabef,681112129,"2026-04-03 15:19:17"
4,Uae4ce64887766950e6eba75365ca941a,671500087,"2026-04-03 15:18:16"
4,U383e77d780af3ea544227c174df939a7,661203382,"2026-04-03 15:17:41"
4,U31b7fe31a1495250feb5d0e2ac4522da,681900970,"2026-04-03 15:00:24"
4,U46eeeeb080009d9a0bc033717f876dae,671202590,"2026-04-03 15:00:21"
4,U81c2a12988c14edec0e96e2858e75214,681114537,"2026-04-03 14:59:35"
4,Uad6724f05e342e28fd2f6597991bf4e6,681202089,"2026-04-03 14:59:19"
4,Ud77857eae24d340ede68cabd289c97ea,661108891,"2026-04-03 14:59:03"
4,U3c61d1d47dcf3bb69c0e26ce0b7197b9,681115525,"2026-04-03 14:58:50"
4,U7000f5a26e98fa8d96f9d053cd230690,681107938,"2026-04-03 14:58:37"
4,U3e3575ff2eb5eb0c6ee880a4cb11113e,661117337,"2026-04-03 14:58:27"
4,Ueeb60b7f794b32ddc428cf6c73bb6adf,671116074,"2026-04-03 14:58:15"
4,U5ee8238474e97f946091578be3cb37ba,661116446,"2026-04-03 14:58:03"
4,U646f96d7323daee86460746c24a4cbfc,671180405,"2026-04-03 14:57:52"
4,Uf4ca80875ece11c6b5e136402851e959,681202982,"2026-04-03 14:57:39"
4,U3931208377becf89473610be5ac60358,691108716,"2026-04-03 14:57:37"
4,U25e19f0a677c48e82686c201e4c9b67c,671119496,"2026-04-03 14:57:15"
4,U351f88b284246f4d484de5195dace196,681117187,"2026-04-03 14:57:02"
4,Ub3414ca6df7bcc51a277375706ef99b1,671118987,"2026-04-03 14:56:47"
4,Uf341ed1d3d25bb30ae7d2b05ffe0b363,651114010,"2026-04-03 14:56:04"
4,Ud52c4e397fe935ee52c1ddd0720e2d1a,681203140,"2026-04-03 14:55:42"
4,Ua2ec531ce278f9b479770f934ac8df27,681118337,"2026-04-03 14:55:28"
4,U2308b869a263cd3e3e20994ff945ca19,671200336,"2026-04-03 14:55:01"
4,Ue56aa28a0c4b2f3687eff9099cf39b35,671400368,"2026-04-03 14:54:43"
4,U8b83d7dc8a8668ed29ba3faa95ec3ccb,681200168,"2026-04-03 14:54:29"
4,U58649ffb17c8c8686fb7a1f42561ae5f,652580010,"2026-04-03 14:54:13"
4,Ubf28b1abab137e13c7d8597ec02356ab,681115672,"2026-04-03 14:54:00"
4,U33d8b7c4a704c712f9dae68d120e71ea,661500158,"2026-04-03 14:53:48"
4,U4b5ac4daa1a7fd4fbb6fcbbe2f149b0a,671119519,"2026-04-03 14:53:29"
4,Uc29d08513d5a39dc9a2bf7f5535db813,681201863,"2026-04-03 14:53:14"
4,U79b251817381e06e31573eb888ba1542,691109623,"2026-04-03 14:53:12"
4,Ubdaa330bb5b9064d19933b05f8eb100c,681901497,"2026-04-03 14:53:05"
4,U5fb7a27fde8f32994a879693eab114bf,651103459,"2026-04-03 14:53:00"
4,Uaa9160cc4a960ce4cc49707db541db74,691106625,"2026-04-03 14:52:53"
4,U0b56429472e72a0bd0f4892537f20a73,681202893,"2026-04-03 14:52:40"
4,U6dd90c3788456b3edd56fc8828eb87cb,691102752,"2026-04-03 14:52:39"
4,Ue89b2247319612e31f7b2088d9f7bf95,661107049,"2026-04-03 14:52:25"
4,Ufaa226e561abd935dc82c77920717714,691200665,"2026-04-03 14:52:13"
4,Udd5668b56c1ceec26447b50477b8a13a,681116741,"2026-04-03 14:51:44"
4,U5f605bac0fb5365766ac59e335032aa6,671119420,"2026-04-03 14:51:29"
4,U0fba8a6aad8502ecf98988c4ad7ffca2,681202576,"2026-04-03 14:51:15"
4,U3d972d2c2b3f08ffecc531926560f236,631105211,"2026-04-03 14:50:58"
4,U00f2d4cf1c22153acf68499cbef288d9,671104954,"2026-04-03 14:50:36"
4,Ubd3348fafc1bd08aff3bd59c79b9a31d,671118717,"2026-04-03 14:50:22"
4,U5e5ec9fa504216c3ab49121e13cf1d65,621104695,"2026-04-03 14:50:03"
4,Ue1d1668343ab5c914aade6ee47ebcc86,682100183,"2026-04-03 14:49:40"
4,U0b8d638de197e3fe4f6d3e5850b78932,671270098,"2026-04-03 14:48:57"
4,Uebc77de906a8512ae029a71d760410e8,691112618,"2026-04-03 14:48:22"
4,U354eed44eb2a5b18cfd1708234a7df3d,681202013,"2026-04-03 14:48:21"
4,Ubeaeb52f460c393052477c646a3cf3e8,682200080,"2026-04-03 14:47:39"
4,U9bf85fcb51b54d926b905c1e97792c5b,671119771,"2026-04-03 14:47:26"
4,U34fa6fbc20bf2e790e4a9ad6c90f9558,671201510,"2026-04-03 14:47:13"
4,U642364064775a6358c306df24f6e5545,631117048,"2026-04-03 14:47:09"
4,Uea3e706344feb152896157bbffb3e099,671119585,"2026-04-03 14:47:03"
4,Uca5b3acf17af24cecca861186b62cb7b,681200582,"2026-04-03 14:46:25"
4,U20405d52db6480b27816f6ac18cead6d,641108499,"2026-04-03 14:46:09"
4,Uf654ac927c3fd3890af965f79c2338ee,691105645,"2026-04-03 14:46:06"
4,Ue619b832d91181349dbd8b713e017e04,651115684,"2026-04-03 14:45:03"
4,U8f4bfc8ff3d885a027b774c479fefc9b,671119569,"2026-04-03 14:45:02"
4,Ua5bd0814c25eacc29931da3ee9a6dcdf,671119551,"2026-04-03 14:44:46"
4,Ube2ed350b11d47f52ae05f62f7d7fe9d,691901033,"2026-04-03 14:44:38"
4,U9d58ea918ef590a07230cd71fde5abca,681102831,"2026-04-03 14:44:02"
4,U589af92d760eee612bacf50370408ec4,691108350,"2026-04-03 14:43:45"
4,Ud0ea0c06bf6cb733357278882d95f1a2,681202720,"2026-04-03 14:43:29"
4,U67eaa431c928e6af7ad65901e039eba2,661114185,"2026-04-03 14:43:16"
4,U9b813d239bfe3ad7606e1f60e9717d9c,671103306,"2026-04-03 14:43:03"
4,Ubf1ed974d56f4e83fd29203cc12fc2dc,681201732,"2026-04-03 14:42:49"
4,Ua69fd90c4541e351d2335544677b233c,671119218,"2026-04-03 14:42:36"
4,U12c3767f3142f65355127b25d93cab42,651204174,"2026-04-03 14:42:15"
4,U9089d430c8f543de69ac08b186de4212,681111458,"2026-04-03 14:41:55"
4,Uc4a672f825192392a75dbfd8831a91bf,681106592,"2026-04-03 14:41:11"
4,Ue38ae430415e51697c753d00ce8c9722,691109542,"2026-04-03 14:40:51"
4,U3b0213d49eb0cea33ce234190e39bca5,691900192,"2026-04-03 14:40:45"
4,U7a1782e014a44a6085efd6927c7018f0,681105910,"2026-04-03 14:39:41"
4,Ueef19714d1af433463d4aa52bc631937,651115422,"2026-04-03 14:39:20"
4,U7f83f44942f92bd879226080d0f9aab7,691201881,"2026-04-03 14:38:09"
4,U20285dbf926f4ae3a111c2b72e6645b7,681901285,"2026-04-03 14:37:53"
4,Ueeb8c453b74c8a059034ec3450dccc45,681113824,"2026-04-03 14:37:38"
4,Ufee30aba8103d2a483fa3f43efc09274,651109976,"2026-04-03 14:37:03"
4,U67ee6cbbdeb55190ba075c0e886c60c3,671201015,"2026-04-03 14:36:46"
4,U20b98baad6b2d367616cfea96829c0a6,651105964,"2026-04-03 14:36:09"
4,U896074089cf71c1b61d6f4e47cf549cc,671200962,"2026-04-03 14:34:13"
4,Ue1fc811f274b0737155a215078104570,691103588,"2026-04-03 14:33:59"
4,Ub28e287f1009f229d81ae5938afc3ff7,651111355,"2026-04-03 14:33:39"
4,U4ce32125ceceb5b5848508b54e4b6199,691110438,"2026-04-03 14:22:07"
4,Ubcb2402e45c6a3fd043f993698ca5d63,691201687,"2026-04-03 14:18:43"
4,U194ff3d2e429e7684a982d680be52742,691112838,"2026-04-03 14:09:13"
4,Ud4042ca641c8951f97add46cdc77ab06,691107435,"2026-04-03 14:05:51"
4,Ubf982105eae4df86db1a939bae620d51,691109550,"2026-04-03 14:04:35"
4,U409cae8f0c40def2f253203f21e5bf7e,691108091,"2026-04-03 14:03:31"
4,U56bdea934e144ed722fd309e6c0e0ebc,691110844,"2026-04-03 14:03:09"
4,U76c7e1b9d3768f8bcee73056e1158cdf,691111133,"2026-04-03 13:58:31"
4,Ue8092a4a41c17c572cf4fb063419628c,691200819,"2026-04-03 13:56:46"
4,U72cb6e1a6eea73bf7a8a3d255c2ee99e,691201920,"2026-04-03 13:52:22"
4,Uc1a09cae935506fa0c5e95fb933b4eff,691111858,"2026-04-03 13:50:32"
4,U0349a790907947e527f81e1add11ae3d,691107883,"2026-04-03 13:50:09"
4,Ua443aa076d9e12ffed6c37e9910cdf7d,691112105,"2026-04-03 13:50:06"
4,U41096e3fbf166eaa490c454b0e38a7fa,691104712,"2026-04-03 13:44:55"
4,Ufb251609db30b61814deec74cc10c997,691107304,"2026-04-03 13:43:24"
4,U79581f044c86d1a062aabdcd170c2091,691105881,"2026-04-03 13:37:53"
4,Uf0dcda21ed41299a9b1744f8fce7f828,691107582,"2026-04-03 13:35:50"
4,U25b10a4ca42f6d50bf2fd73698024540,691201899,"2026-04-03 13:34:11"
4,Ucdf7eda6074d8cfcec6470ebc5b3f016,691201425,"2026-04-03 13:31:44"
4,Ub5f18f62a92da976c94f1c8e09786ba7,691201459,"2026-04-03 13:31:29"
4,U80e1fc5c655ff827f4dad6dee75ce600,691109720,"2026-04-03 13:30:55"
4,U14d91533f7042c72b6353314f0e79cb0,691112731,"2026-04-03 13:30:35"
4,Ufe623b40017e8064e4c2d77032677d44,691109542,"2026-04-03 13:30:31"
4,U198ad9be3c5c4ac13713becc9cf4987d,691105718,"2026-04-03 13:30:09"
4,U051b2fa0c46b92a2d51239bb47fdd449,691108180,"2026-04-03 13:22:25"
4,U180294383f786a82eee0f46c21ee2830,691106489,"2026-04-03 13:21:12"
4,Uaffb1817ea475f1052b2860797ea8fb9,691108570,"2026-04-03 13:20:30"
4,Ufd82bfc660d9d1652ceb7e96848bfbdf,691108229,"2026-04-03 13:19:21"
4,Ue71475c916b45eae597b7d7420293d42,691112757,"2026-04-03 13:19:16"
4,Ud1a9e0c1cd9dc55420a33c3d90254a14,691107150,"2026-04-03 13:19:11"
4,U08fce7eb509e08121c046c081e11d65e,691104275,"2026-04-03 13:19:00"
4,Ub944d1e5522b25ea998155c5224b8964,691112781,"2026-04-03 13:18:52"
4,U0ed2084b98d99261d47e6a187bfed0c4,691107443,"2026-04-03 13:18:28"
4,U96eddd68746595982717460726fa36df,691109225,"2026-04-03 13:18:28"
4,U31b03862583d3c02e1e0e34b7cbccd4c,691111549,"2026-04-03 13:18:23"
4,Udf2f25f418742fcdb8ff7ed0a0c5b52e,691112650,"2026-04-03 13:18:18"
4,U8ee4024527099d1d92f54e6c345f11e4,691103009,"2026-04-03 13:18:15"
4,Uc31f7e1fa08c9b85a1cc33d671641e4a,691108114,"2026-04-03 13:18:01"
4,U9f73ad6733b006597822278f385da645,691110200,"2026-04-03 13:17:51"
4,U6e43d205d0e3f60dfedb83770aa7940b,691111303,"2026-04-03 13:17:48"
4,Ubcae5a7ec2e0cb4a82378444a3c32a37,695544004,"2026-04-03 13:17:10"
4,Ub7e5a9b8ecd379ac362a64d83eaf37cc,691110682,"2026-04-03 13:06:34"
4,U8c2d437211c1429eb846ef84762ed445,691111719,"2026-04-03 12:58:41"
4,U3a9b29d78054c1953c11cc2e1bca6916,691901130,"2026-04-03 12:47:47"
4,U691fb14c748b997601bca570b4b49084,691106447,"2026-04-03 12:38:49"
4,U7687a0fd31a68451510f94c6674c26a4,691110250,"2026-04-03 12:26:42"
4,Ud0b2f5b17759c64741c8fb6fd5323326,691106544,"2026-04-03 12:25:10"
4,Uace180fe7246571abb15fc5763da887a,691102134,"2026-04-03 12:21:25"
4,U91bd1feca6f16d14b7c6e575c68ac671,691201912,"2026-04-03 12:21:05"
4,Ue61a04b52645790e2dfb13d862410084,691110226,"2026-04-03 12:20:20"
4,U87e6695e3b5b9836c2c6a57c2ae51bbb,691104754,"2026-04-03 12:20:09"
4,U443937824c20120f746c69326230ce84,691110721,"2026-04-03 12:17:45"
4,Uc003c6c1f7a8f6ccf13f2d59298f0c8e,691109893,"2026-04-03 12:17:28"
4,Ubcc96c72dff4010c5667767e5e805198,691201433,"2026-04-03 12:16:10"
4,Ue494c5ee8a38f4d655156c398dfe8701,691103766,"2026-04-03 12:15:13"
4,Uf9831918b7835aa707663c6b460b0693,691103114,"2026-04-03 12:12:40"
4,Uf6da6cee5e91ffc37e01cb3ff94b9c0e,691109843,"2026-04-03 12:11:20"
4,Ub14e41a62265a8a429bf8bb82190b7be,691112391,"2026-04-03 12:11:16"
4,U7a9b8026ac83002282b0bd514e7d2447,691100043,"2026-04-03 12:11:12"
4,U4dffdf0ebd549752de5f906a44eca2a0,691111175,"2026-04-03 12:11:10"
4,Uc631b74087277675df96c9460548b7bf,691111167,"2026-04-03 12:10:48"
4,U86ca58d1d0a8c20c393e09e366f23ab4,691200746,"2026-04-03 12:10:41"
4,U2e0a5c10396948b6f43318731c2b0aa7,691103106,"2026-04-03 12:10:38"
4,U95d866681734089406af602ebd3fa5f1,691110569,"2026-04-03 11:53:11"
4,Ub17ed2111a1021066da578384dc2a5b1,691108473,"2026-04-03 11:03:49"
4,U0f7247bf316c3e31f6c8a1f2925c578e,691111581,"2026-04-03 11:03:48"
4,Uced1960094704c85a55f517b247780e0,651113836,"2026-04-03 10:16:43"
4,U23e394aaa8331ed98a6a812797d46478,691101641,"2026-04-03 09:55:28"
4,Ua6545559d8c77ded3a5f0672107f4518,691111921,"2026-04-03 06:09:57"
4,U958535d72ae814d6d055e102956aeb6c,691106057,"2026-04-02 17:22:23"
4,U4a3e0fb91380086dd106f48b9d1b298c,691104835,"2026-04-02 16:38:49"
4,Uc5af4e022bda26b0d410c2c5d8c7f97d,691101756,"2026-04-02 16:36:23"
4,Uc7140ae0605d8d92067f9a0a50721918,651105980,"2026-04-02 16:27:58"
4,Uf505b67a615d433ca4c94196d7b8f6a1,691106099,"2026-04-02 16:06:24"
4,U8bb1275d08e4699117b6af2e62315260,671109239,"2026-04-02 15:31:40"
4,U714fca42d46bf58f00a907f8d35974cd,691201514,"2026-04-02 15:29:32"
4,Uf52dea3b90947bde912c86ee7951ff0a,691110412,"2026-04-02 14:31:55"
4,U14b01c22f046642b1e67d1c5c6ffa327,691104005,"2026-04-02 13:51:41"
4,Ua3db2bd1ace1a71538189e157111fae2,691100564,"2026-04-02 13:41:40"
4,Uda107912132c95d0258c4aa6893684ae,691101366,"2026-04-02 13:41:32"
4,Udea362c0c73462853bebcbc4215a3b34,691103855,"2026-04-02 13:41:09"
4,Ufe493dfbe755de0bb8aed79c2bbcecfd,691202201,"2026-04-02 13:40:51"
4,U2f819beb3a3bdf1371cd5c9b924345c2,691104738,"2026-04-02 13:40:46"
4,U1a324d5f5946bb34638e1973711a0959,672100034,"2026-04-02 05:14:23"
4,Uec59e46bff319f2354e6e8fb13f7e072,681401099,"2026-04-01 23:11:14"
4,Uf65319f3a239c25349c27f23ccb810cc,651104845,"2026-04-01 13:45:04"
4,U7cc3b1c9be081bd408bbff0f4094db1e,641106455,"2026-04-01 13:16:11"
4,Ud47e945ceb12e054a4cc95f575d89d16,481208782,"2026-04-01 09:33:26"
4,Ucbf31db6ca3146a9a507d26cd1e84c42,652200123,"2026-04-01 08:51:13"
4,U87b6077c347dc6295a8f3fbe681056f5,681115850,"2026-03-27 13:51:02"
4,U1f4d3817138675f90c48b1d3bd20bdec,681901552,"2026-03-27 13:49:38"
4,Ub593464db0237671afdbce7b6fd007e3,651113941,"2026-03-27 13:48:55"
4,U0da7e184605dd6f0ae215dc5cdd0e305,681116458,"2026-03-26 16:43:00"
4,Uaaf328e5ea6cdde184d6f5995f2886e7,681114252,"2026-03-26 14:31:36"
4,U1578817d635adbd8adb458eb6aaa14dd,691900477,"2026-03-26 13:29:40"
4,U8a3882c093859fc1e1fadea309ccd4eb,672181593,"2026-03-15 17:14:41"
4,Ufc947b5fdc22e0db3fc0dd7f7eb96b35,661116755,"2026-03-15 17:14:25"
4,U77bb20272456e5824f7113d9f8bf018c,651110587,"2026-03-15 17:14:12"
4,U72fe25b681f74c11ee815eab30024b60,661115759,"2026-03-15 17:13:43"
4,U77c9513789c84267509c86f6e63e5de9,681201570,"2026-03-15 17:13:16"
4,U2566216eaaf66f630de76b07b531795a,691102998,"2026-03-15 17:13:04"
4,Ubb7e5570423ebc007222052442913d75,651201809,"2026-03-15 17:12:47"
4,U765977ab715fbbfb12eec2a6393303d2,681202005,"2026-03-15 17:12:32"
4,Udd2de89eb7e4cd7d58874cd9981228e8,681118743,"2026-03-15 17:12:11"
4,U965c59c7799d2a618e04e4d17a712019,641103986,"2026-03-15 08:22:54"
4,U63ce84e84bcc4758f4f6caa559665c5d,681119032,"2026-03-15 08:22:00"
4,Ud1450c844aacafef8fe9cdf03c3c9b89,671201675,"2026-03-15 08:21:42"
4,U1e338f82b9bbf12015ab51636f8065bd,641170014,"2026-03-15 08:21:17"
4,U96f7f07aa30c527f62d6b6dd20bb4aa8,691400338,"2026-03-15 08:21:01"
4,U6e89d50da1e9fa959b804a04d999153c,691400621,"2026-03-13 16:39:07"
4,Uef04e0495990b7aae4705e17bfc943b8,671119399,"2026-03-13 16:38:49"
4,U9ae3fc0dfdbeb1e1e4239b440b92287c,661270012,"2026-03-13 16:38:33"
4,U5352d4a28e53850066c990c8f9428b70,681118311,"2026-03-13 16:38:15"
4,Uc35a27a1f2fecdcead21eea68717ab91,671100609,"2026-03-13 16:37:19"
4,U7fcbc1776c1b479e90519a8c8144313b,661108883,"2026-03-13 16:36:50"
4,Ue97562e8ce37d469d8c5fcf2a1985e97,691900508,"2026-03-13 16:36:34"
4,Ub4bbc71706124c26e63c6caf5ef069b2,631170088,"2026-03-13 16:36:19"
4,Ubd7dfc7904c3c6336393ff308263458a,691400639,"2026-03-13 16:35:42"
4,U0804d6de0238326e03d31de7931b006f,661109902,"2026-03-13 16:35:09"
4,U7bfb9f7683e62e56465314c27ed07b77,461103394,"2026-03-13 14:00:41"
4,U4f712ba43506040800adf880a145d9f7,671500273,"2026-03-12 11:10:30"
4,Uccf00737e16c32390e9a2ffabb826b3c,681201334,"2026-03-12 11:09:58"
4,Uc472eaa24b4cf71058aae3241129348d,681114472,"2026-03-12 11:09:39"
4,U95cdaa283de0c2ffcdcce46e49dccdd3,681200304,"2026-03-12 11:09:22"
4,U76417c2aaeb55b6dbd8019c401e955ab,661114834,"2026-03-12 11:08:27"
4,U7aabb48fc90d29325850ae3d5672f3cf,681106267,"2026-03-12 11:08:10"
4,Ud181edb3892e7d7ee918dfcf12d5545f,651107819,"2026-03-12 11:05:54"
4,Ua503d67aab47a42060cae213de25af8f,671201170,"2026-03-12 11:05:18"
4,U77b512cd5a41b3a1af515813d3ea7931,661101718,"2026-03-12 11:05:03"
4,U4b4607561d59bdb68a42a6871500559b,661108980,"2026-03-11 13:34:27"
4,U7e9e6d7744b640cb4293541b0ac88ab1,671202045,"2026-03-11 13:33:56"
4,Uf40071308179bbde5a1fc9880805598f,681202885,"2026-03-11 13:33:24"
4,U87b0e54ccdaab56b5cc2e3c777b0bd2b,681401625,"2026-03-11 08:39:40"
4,U795bf9311e805694602db8cd4cc2a2af,671900392,"2026-03-11 08:39:10"
4,U6a64ca0ef973671cb6eadb1a86f24826,681111610,"2026-03-10 14:38:38"
4,Uffa7f482397dbc86228cf7d2a189a85f,671112517,"2026-03-10 14:37:48"
4,U2dfcbe6c19f07e3142934dbb99e1f3bd,681500055,"2026-03-10 14:35:37"
4,U39f8630aa3431583e9931dd300063308,682180727,"2026-03-10 14:33:49"
4,U7fc132fd9e9e367b6031978c5546c15c,691900192,"2026-03-10 14:33:29"
4,U55edcb7e2e81b4aae3afb100bcc09695,691900370,"2026-03-10 14:33:06"
4,Ucc3a4016b07af903b19040a2e1af3bd0,691900362,"2026-03-10 14:30:30"
4,U4e1c3ea913bad8923b79be9e34025533,691900168,"2026-03-10 14:18:36"
4,U170e06d753a263965230e996f296a6f9,661114923,"2026-03-10 14:10:24"
4,Ud6ca919fbddd0e9e15a1f834acce8492,661116373,"2026-03-10 13:57:36"
4,U6055040a1ab5ed12508b6eb45208dfbe,681203409,"2026-03-10 13:56:26"
4,U96f63886d29b4bf92ad54496e846955c,622100115,"2026-03-10 13:56:01"
4,U110bffa81e93353c6cf0f5ea5044db19,651109170,"2026-03-10 13:54:06"
4,Uc79c96b4072ef3f61a93847c51258454,681180847,"2026-03-10 13:53:49"
4,Ua558d234654fc9fd94f2a85051b30649,591111530,"2026-03-10 13:53:33"
4,U05a5e8b41a8bcb60a99375f8af93df7a,691900891,"2026-03-10 13:52:28"
4,Uc17bf1014fa7c0696f94606a3cf58515,681200621,"2026-03-10 13:48:21"
4,U3df81935168962a150c8294425223a51,671119454,"2026-03-10 13:48:03"
4,U2ad5212970e29fd828daca990476881f,681200613,"2026-03-10 13:46:44"
4,U0f68b43ff5d3c135639872cc7cf1fc74,671119365,"2026-03-10 13:46:19"
4,Ub5af715b3be146ae68587c735e1045a6,681401528,"2026-03-10 13:45:41"
4,Ub6a9fd0e6cbeb6321ee14d1baea25478,691901083,"2026-03-10 13:45:18"
4,U4ca89d9181239205a038760f9284213d,671500817,"2026-03-10 13:45:06"
4,U3d76faa1091b31d552db52170a477d49,661113147,"2026-03-10 13:44:38"
4,U1391f27ab9c7c9bb62eeb8d7ebcb2e4b,651110236,"2026-03-10 13:40:20"
4,U9db63062a1498ec113759bb392af6815,681115169,"2026-03-10 13:40:01"
4,U33e884c3c1a1396ff8866c56035be74e,671117850,"2026-03-10 13:39:39"
4,Ud6d13b4d19041683234f03f29d3c7a8c,661100885,"2026-03-10 13:37:42"
4,Ucd8cfbd149b7bfbec320289aa0aa064a,661113066,"2026-03-10 13:35:53"
4,U508b9978cf1c85e0b2396db7ffb6c1ed,661110652,"2026-03-10 13:31:42"
4,U356efd9cfcd25cb65b185c79ef069f2c,672100115,"2026-03-10 13:22:32"
4,Ub50f493ae927c5e8865a230e5b5c3b5e,681112535,"2026-03-10 13:21:54"
4,U3b9dd77ddb06fab5257c0e0289cfb98c,661170149,"2026-03-10 13:17:49"
4,Ud1627a8fa48a7cd885717792b6ca8db4,631116929,"2026-03-10 13:17:33"
4,U0f08347595aeb065e43d4e92d4c9e843,691200932,"2026-03-10 13:17:17"
4,U17a0d389a4b43b2ba4b533a1a18aba62,672200038,"2026-03-10 13:16:53"
4,Ub04bf3876a84d514859d1fb64ab37e04,661112426,"2026-03-10 13:16:34"
4,U7b6115dd98d88d7ade07bf4915c5af5a,681200566,"2026-03-10 13:16:12"
4,Ucb9a5a8ae373316922b62ec6edc8229b,671118351,"2026-03-10 13:15:52"
4,Ua3e74898ab1e4ab96df0ea8d6f7a1f0f,681111539,"2026-03-10 13:15:35"
4,U68e7cf1c9cd19c96cc7b18fbb150ab8d,661116640,"2026-03-10 13:15:19"
4,U94563562e006d533c94975d14bb8fba7,661202768,"2026-03-10 13:15:01"
4,Ua80815e61f6c22301af28e95c13328c7,651109138,"2026-03-10 13:14:38"
4,Ucb256d8fb9e58cb8d630c890c8a8a340,682400070,"2026-03-10 13:14:17"
4,Udc1fdc1000748669bd71806881bbc16e,651102291,"2026-03-10 13:11:55"
4,U3fa52049cb87944ea2891cacf2219f2b,671500469,"2026-03-10 13:10:22"
4,Ubd480ac88fdfaac40766d54bd1b83b93,691900671,"2026-03-10 12:02:38"
4,U412617c840a2b8e1ba26211ab42f4162,681401285,"2026-03-10 12:02:09"
4,Uaa3bff12188d585aa7ab7b7797031793,661108273,"2026-03-10 12:01:49"
4,U6f5a3fc1ccf0afe7ed1c2bb7c2b97bfb,681901073,"2026-03-10 12:00:57"
4,U4116df9a9b61ba415cf2f2b9ebda549b,671110094,"2026-03-10 12:00:21"
4,Uac82ab089d32e87abec2351f4a07391e,681500348,"2026-03-10 12:00:02"
4,Ua11ff43b0b14b93ff1354848d8ea78d3,681500330,"2026-03-10 11:59:44"
4,U8a1ad25dffda1a503be495062ccbf057,681116505,"2026-03-10 11:59:23"
4,U1d813b7f6fd162cec05b3f3ac2353f0b,671203253,"2026-03-10 11:59:08"
4,U122b882799676bd91768761b7d1070cc,681201059,"2026-03-10 11:58:52"
4,U4686a10212d79e31c45ae51c19bfc938,681500576,"2026-03-10 11:58:32"
4,Ua89e11c81d295b5ef7120dd5b55a5496,672181608,"2026-03-10 11:57:30"
4,Ubb35465f7475d7f768c4dd2c7363de82,681181437,"2026-03-10 11:56:57"
4,U4a7322251a0d8881d834cf790d7ab81d,661280245,"2026-03-10 11:56:38"
4,Ue4857698838d27351ed23dab77b8c632,681201350,"2026-03-10 11:56:02"
4,Ubb8b35dc68313a11ea0ea2141524b275,661280017,"2026-03-10 11:55:06"
4,U07188e9eab4b6405d2f1d8b09b6fe6dd,672480094,"2026-03-10 11:54:46"
4,U13ce30e46848f41ea8714e67741c872e,681900962,"2026-03-10 11:54:26"
4,Uefbc1297043a03c55db75264eef0ec87,681115630,"2026-03-10 11:54:08"
4,U656ec0660d33d11f5319639260488ebe,681113947,"2026-03-10 11:53:53"
4,U02460ba3b37f2eb45190c3cbce5a7135,681202500,"2026-03-10 11:53:34"
4,Ua54ba0306d7614094c44ef041c9fa788,682100052,"2026-03-10 11:53:20"
4,Ucb3bdbc5d2b552f72649f56289c71a2a,681500283,"2026-03-10 11:53:01"
4,U7c140062a7eaac4d5c25f1f1556a1b20,681401861,"2026-03-10 11:52:33"
4,Ue9beb0e5788d7156bb25e3535ad70af5,681118701,"2026-03-10 11:51:54"
4,U66c6cbf2df351de16f5c2e971b69f736,681500241,"2026-03-10 11:50:44"
4,U2e13f7bb429b9b72ace061cadb72390e,671200734,"2026-03-10 11:50:10"
4,U443ee174034b87cbdf1ee7d53c9299aa,681106322,"2026-03-10 11:49:48"
4,U140ea9750cc949bd1a36b6c582907ad2,691109314,"2026-03-10 11:49:26"
4,U484611788581a63316b617980a675853,681900409,"2026-03-10 11:49:05"
4,U720d373608c48513c2e76b2948901c4e,671200768,"2026-03-10 11:48:48"
4,Uc7fca8ae206e367e3f9047441bb96da5,671500508,"2026-03-10 11:48:29"
4,Uc00a0fc05fd97e629be2fee55fdb4fd4,671119307,"2026-03-10 11:47:57"
4,U76386da6747e30881ead79f323ce3980,641401758,"2026-03-10 11:47:34"
4,U7c9f1995a8fc4d0a3e12b58007c7605a,681115575,"2026-03-10 11:45:55"
4,Uee8ba0807c3e7588dc4ddbfae0c6fbb0,681200485,"2026-03-10 08:34:04"
4,Uae7d7932940a7b243a0d3e8f58b13f14,681500495,"2026-03-02 13:26:54"
4,U8028988c64dae0baf911564dab7c918f,681500194,"2026-03-02 13:11:13"
4,Ue1344b020ddba3ea878cf463986060fc,651105671,"2026-03-02 12:57:42"
4,Ua1d4171bca753a582591274d62e36323,671117729,"2026-03-02 12:57:23"
4,Uc5569c044b640a2e3f5e3312e98fb0fb,691107558,"2026-03-02 12:57:02"
4,U46db730cd196a994c4b485b4b9e7d3c7,651110317,"2026-03-02 11:44:49"
4,Ua0bdec62179fb40a67837d0662bb3587,681200312,"2026-03-02 10:23:39"
4,U51315daadede81103e0a502688dd66f9,691900207,"2026-03-02 10:22:57"
4,U80a0268f102ac907afba10dd6e620f8b,691900338,"2026-03-02 10:20:46"
4,U6b1a73292d5bf2c572d18b0f37af186d,681900459,"2026-03-02 10:20:28"
4,U61c9b39aaf6e4beeccf8463e4bfaa6e2,661204003,"2026-03-02 10:18:43"
4,Uaf6659f30ded7358df40f15ef22f85f5,661108370,"2026-03-02 10:18:17"
4,U09a4e1ef046c88f044755fa47139176e,681201986,"2026-03-02 10:17:24"
4,U90e25f51989398be9117823c3697c3fe,681200370,"2026-03-02 10:17:10"
4,Uddb4bea734a03061bc7491d14487de91,681900849,"2026-03-02 10:16:55"
4,Ud3bcbdf5029bc2bed62912b6db352699,681110915,"2026-03-02 10:16:40"
4,U88e484cdf95330e3e142bc13b1d448a3,681104930,"2026-03-02 10:16:22"
4,U018d8a55fb27c52f5fa33b2d6c1b9e64,681203726,"2026-03-02 10:15:33"
4,Ua29142a80d6adebeec7f55a87ed1e689,691900346,"2026-03-02 10:15:04"
4,U1e5abea742f0313a014e7c9346a3742d,681200948,"2026-03-02 10:14:31"
4,U5bb8750f3158d873e09f41ff0fb4f636,671200849,"2026-03-02 10:14:15"
4,U7ecf29484a4734c92e86d44ee4992ff4,681201601,"2026-03-02 10:13:59"
4,Uf311a0a138e417b40f83a0b38bfe569e,682400096,"2026-03-02 10:13:38"
4,Uc1ceae29fad8508b88f0bfe35a2e0b75,661116674,"2026-03-02 10:13:20"
4,Ue54f5998bec187091b1ea8b6db966210,671202207,"2026-03-02 10:12:51"
4,U3cde826b0acff88af77b0280fd8ca62a,681202974,"2026-03-02 10:11:33"
4,U685eec3a2e93b46c42a1e1bdce33d6c3,681202623,"2026-03-02 10:11:19"
4,U8e96495d84c1b9ad67b80f097d27213c,681118939,"2026-03-02 10:10:35"
4,Ube2b9e8ce8ee70c7e0f4747133c17e28,661115123,"2026-03-02 10:10:17"
4,Ubf725b783f6a459628b21ce0667a5274,682400020,"2026-03-02 10:09:41"
4,Uec1451f2c1d471ebf09859757c55a1db,671200718,"2026-03-02 10:09:22"
4,Uaf2e8039ad8206dfa99d87ee60d85f57,681115745,"2026-03-02 10:08:38"
4,Ub00dd8e22e9c2d9ec7eb2ce8709704e6,671200946,"2026-03-02 10:07:57"
4,U58dd7b6f5fdc950df23d42dbf3285e73,671500639,"2026-03-02 10:07:37"
4,U3f2dc7383991afd63fd313dab6a0c9e9,681200320,"2026-03-02 10:07:21"
4,U84d2c2783bbb88ec59b65606c45df47d,681400899,"2026-03-02 10:05:54"
4,U928f13dea28bcd0261a089be21c5d84e,671500257,"2026-03-02 10:05:29"
4,Ufadfeb47c21c2caf342e8049ad30b1e6,681201928,"2026-03-02 10:04:40"
4,U2f73e173c2fdb5d6b458b9fa32aed3ff,661102992,"2026-03-02 10:04:04"
4,U3746a8798bdbb3178064e4d8c6ee566c,671118644,"2026-03-02 10:03:37"
4,U5d1345cabf3f92506ae84cadf351ea8b,691900273,"2026-03-02 10:03:07"
4,U1e39d6e9f557e1af9b9b876dd5566c4f,661116365,"2026-03-02 10:00:17"
4,U72c2807911e704f1a7e274f2c6668bc9,681203077,"2026-03-02 09:58:20"
4,Ufc8898277b355ce2c4873a94117b5b85,681200231,"2026-03-02 09:58:03"
4,U45e34e5775a66e9ab43412ecc05695cd,671115515,"2026-03-02 09:55:32"
4,Ufe8a9f90f3f3681b21a4356d7b09a27c,671200344,"2026-02-27 13:53:44"
4,Uefaf42cf3baf03c7a22301dba9f2c6e5,661401134,"2026-02-27 13:52:41"
4,Ud5e526130b432d75f997015167a07f83,671500427,"2026-02-27 13:51:59"
4,U171dec3ccefb12775f2b325d88de7d25,661110979,"2026-02-27 13:50:59"
4,U2e444b5c0b71d85449c8c5e41f72dcf9,681202071,"2026-02-27 13:50:41"
4,U0ae321ca933d0d0ffcbdd89a2a3024b4,691900485,"2026-02-27 13:50:21"
4,U8101c8e9323220e277962d48860359d8,671116870,"2026-02-27 13:49:58"
4,U80422efa2b2b993fd657a0f018723dac,681202445,"2026-02-27 13:49:40"
4,U515c8ced18aaffa657117061ea63650d,611110092,"2026-02-27 13:48:54"
4,U09668a789fa19ab6581bde14c27e10c9,661113731,"2026-02-26 17:26:45"
4,U244d9c6566860d68888303de2ba596ba,681112585,"2026-02-26 17:20:26"
4,U70692c72fb6afd6e09319e9d1307a733,681500291,"2026-02-26 17:19:51"
4,Uf38747aad82e7d49aad3fa3aeb8d7e76,671111341,"2026-02-26 17:19:35"
4,U7e274385eb682d4cd18fa94adbd2c475,681900695,"2026-02-26 17:19:14"
4,U61a53a41e127dfc1b60756c2d801f2e7,661115555,"2026-02-26 17:18:43"
4,U734a5e400e53823db16152ef5583e43c,681115232,"2026-02-26 17:18:20"
4,U43cc6862e0d2f0e26e47aef807f9d55f,671203041,"2026-02-26 17:18:06"
4,U7bc9c1dba3452b2dc2d68f61992c66d3,671401893,"2026-02-26 17:17:49"
4,Uedc8b70ea1dbdff021c929a7c85dba9d,691900778,"2026-02-26 17:17:32"
4,Ub0d6e2ada8f8772129b28e59220e2d4b,651400893,"2026-02-26 17:17:17"
4,U53f0b4600d2c5836d8573ab9dfccb80a,682100183,"2026-02-26 17:15:49"
4,Ubd29eb2864d5d39153fe4dd8e3ed29cb,651107372,"2026-02-26 17:14:48"
4,U2ee32215dc6155b658d9381a8e4558c3,671116846,"2026-02-26 17:13:09"
4,U8c36325d269e28fc1d827056dd1aa01c,691900964,"2026-02-26 17:12:50"
4,U6be3a93ae62f747e62bc93893292a632,671500451,"2026-02-26 17:12:33"
4,Udcde3eba39a15d0270ecf7862d970baf,681116806,"2026-02-26 17:12:14"
4,U06be97ce9d89571c0919ca1841e9a32c,681400174,"2026-02-26 17:11:44"
4,U83581f43b6d025e4439dbffc15f7aeb4,661111404,"2026-02-26 17:11:00"
4,U895786a4420ea8d02b3693ba8e7152b1,671202524,"2026-02-26 17:10:30"
4,Ua016241e8be931ebc91ce34417240fe0,671116228,"2026-02-26 17:10:08"
4,U5c02d6a59eee8ef90e52f6a318b401e0,641120069,"2026-02-26 17:09:34"
4,U2e0924c5d8f5a27f6c8caacda1ad4a7b,681116408,"2026-02-26 17:09:06"
4,U70d1c7b91bd4777bc72dc9db2ff65d37,691400346,"2026-02-26 17:08:31"
4,Ucc5f27289d578cb46dbde9b401953965,671200598,"2026-02-26 17:08:04"
4,U9af73a8663f769fad77ec81f5aa22e62,671119446,"2026-02-26 17:07:45"
4,Ub43c35f44a866e3146b37d4c0d945087,661114787,"2026-02-26 17:06:59"
4,Uecfa39da2492ebdc988b5c7c6c2e5fe6,671118694,"2026-02-26 17:06:41"
4,U020bbe6211f86fb322ead8b3d3dd0703,681111220,"2026-02-26 17:04:24"
4,U2b4e268654ad9b94ab19d17f7ea9cd3c,671115175,"2026-02-26 17:04:09"
4,Ue82150257cc4cd220eeb206c88e7ecf2,691900883,"2026-02-26 17:01:00"
4,U698bca53dbd0b5f108343b27a4f50b45,691900582,"2026-02-26 17:00:43"
4,U8b67ba9022e1626cfdd8082504a6761a,691900744,"2026-02-26 16:59:42"
4,U9596ae870a6e7d10ffb065c7c141cde4,691900655,"2026-02-26 16:59:16"
4,U4d4e82a7f3c7cd2d80af27143c7232cf,651111680,"2026-02-26 16:58:38"
4,U027068c7ba4255404ff939fbd6cce962,691900841,"2026-02-26 16:58:24"
4,U7cfe815b4cc226cd8aeea06cc85455cb,691900231,"2026-02-26 16:58:11"
4,U6af96283d252b5ed785a9575232018d1,681201669,"2026-02-26 16:57:47"
4,U034b0a86071f14d0ac50c4b69a28dcb4,691900809,"2026-02-26 16:57:23"
4,U398995225b992479925dbd953fbb2cf5,691901059,"2026-02-26 16:51:05"
4,U1dfbdd2d6d4b010ac35140e5e39c1fa6,681114210,"2026-02-26 16:49:51"
4,U1df72f5331e530b9286c81e4ca8a8cfb,681401112,"2026-02-26 16:47:55"
4,U92ce7b94f81574e605aaeeef1f53c590,681401104,"2026-02-26 16:47:22"
4,U6cae37c2ebc09526190cefaa0162a748,691900469,"2026-02-26 16:47:01"
4,U6577d3bfb4ca635a39f28dacb247f3ae,671114721,"2026-02-26 16:46:43"
4,U05967f5b1a82f87218a626396f9fdf5f,671201829,"2026-02-26 16:46:25"
4,U9cc2c41690d7599d8b8bc6a9463725a6,681113913,"2026-02-26 16:46:09"
4,U6d17c8f982e46454b50a56da6aae877c,681103421,"2026-02-26 16:45:51"
4,U3bebdc6e05df6bbca0aed676c88fbb9d,651203364,"2026-02-26 16:45:36"
4,Uba5a4fff0805407bac2aa5a92c361701,661109091,"2026-02-26 16:45:21"
4,U827cef8657e443c922c912199e2f3f90,671108916,"2026-02-26 16:45:03"
4,U97ab21b8da23bb6fe413c75196a50cd9,681180106,"2026-02-26 16:44:46"
4,U8a5683f929c2ab88259908e5a6a70b23,681116767,"2026-02-26 16:44:26"
4,U18e6613dbadcdd8c74cce1cd9bfeac5f,681202916,"2026-02-26 16:43:15"
4,U654878b69760685dd61d2b58f01b126a,661111909,"2026-02-26 16:42:55"
4,U7b0bb0f3ec703a29f0dc8ec44d27b8db,661180178,"2026-02-26 16:42:39"
4,U1052c04472204e85e64e7229d9f7fa42,651110561,"2026-02-26 16:42:20"
4,U6af1751253281cb8011e273b4c7020c7,671270111,"2026-02-26 16:42:02"
4,Ud0e06753a96c85a5d58e3490c81b92e6,691900702,"2026-02-26 16:41:31"
4,U47e0d7bdfb432bcbd3e487a2fb7887da,691901091,"2026-02-26 16:41:16"
4,U913afcaa176fd27e491e3413c1f33ca4,661110759,"2026-02-26 16:41:01"
4,U9c06707463c67008b87cbf61a20a490e,681901031,"2026-02-26 16:40:38"
4,U1419ed2fb7044f2e7eee3f76986da24c,671110214,"2026-02-26 16:40:23"
4,Uc32e09bc39ed655e48368bbf599fb869,681400441,"2026-02-26 16:40:05"
4,Uce7c7539051e2be835f35a2393845e7c,671203203,"2026-02-26 16:39:42"
4,U0aec45ba0b4dfc4f306cfda308904d19,691901067,"2026-02-26 16:39:16"
4,Ue64ae06b9d18eafbca7eff0b60972be3,671103152,"2026-02-26 16:39:02"
4,U984e943ddbc79c6e382934c7b7c16b59,651116525,"2026-02-26 16:38:48"
4,U4d25ae3e39ca175658b8f5abf94e9268,671202362,"2026-02-26 16:38:32"
4,U986826a5781a00055844b5f4522873d7,681103510,"2026-02-26 16:38:16"
4,U1f4ce734b870a286e133d70e33c696fe,671117460,"2026-02-26 16:37:59"
4,U8794c16b650578698b69b9095c91f5db,661105160,"2026-02-26 16:34:24"
4,U41dccc97cc074fcfb298e796e5abfef7,671113424,"2026-02-26 16:34:06"
4,U8cef8266bf67a03679e04b5a6279ace7,681114626,"2026-02-26 16:27:35"
4,Ub3d91e638ac831306760931e674bd2ab,651107110,"2026-02-26 16:27:11"
4,Uaca824e48d0603311539d26e49456714,661111226,"2026-02-26 16:26:54"
4,U7e32ef13334d970a87ecea32285bba6c,681180708,"2026-02-26 16:26:36"
4,Ufd079a8d605ea1716748bdb157621b77,681118882,"2026-02-26 16:26:20"
4,Ub31ae65d28e80c8f583073d7117bb211,651108865,"2026-02-26 16:25:57"
4,U54eaaa2290168317577754e75edb48b9,671401681,"2026-02-26 16:25:37"
4,U97a880b9f991233afcd1d6aad02aff18,681270016,"2026-02-26 16:22:42"
4,Ucf33449a25b0d6067ed262e0f1bfcaf8,681400302,"2026-02-26 16:21:48"
4,Ua0fedaedc850be91c1c3c56162e03b3e,691901009,"2026-02-26 16:21:32"
4,U2dcb2fb3b79ff42be762fedcfc9b03a9,661115000,"2026-02-26 16:20:59"
4,U3c5b57ed892bed4a1a6e57059f98d989,671100594,"2026-02-26 16:20:41"
4,Ub2a69a0362aa5f54945f7172307c4207,681400027,"2026-02-26 16:18:34"
4,Ubf592328c3799682bd2abc40cca54769,681114024,"2026-02-26 16:18:17"
4,Ud9536e8563205d6f2e8b6f6b25657f57,691900710,"2026-02-26 16:18:00"
4,Ue1b7588e4ca1b98d843a8d894ee6cc76,671113482,"2026-02-26 16:17:46"
4,U06b8c2cb2591466fa3db3417259e38c5,681108803,"2026-02-26 16:17:27"
4,U429bd63c490e003cd33c7b369b92c7f5,691900980,"2026-02-26 16:16:49"
4,Uad383ac141829ca33300b12f0e37b0e2,691900281,"2026-02-26 16:16:33"
4,Ub4ce9d57c271a497e72f94672e6faa98,691900299,"2026-02-26 16:16:16"
4,Ud618811bb3c943acb0583a8f831ae791,691900388,"2026-02-26 16:15:56"
4,Ucb9472af1d20467030a9e59be59c93de,691900736,"2026-02-26 16:14:44"
4,Ud5b94c47dd760c6e3330332a98fd576e,661111234,"2026-02-26 16:14:22"
4,Ucb95f848571d1368abda0bfeb879cd07,681116709,"2026-02-26 16:14:00"
4,U0a0f543f26ade05349daa832d015a94f,681203310,"2026-02-26 16:13:38"
4,U9fc32b515bfa7f2a879a973510c949ac,671119226,"2026-02-26 16:13:11"
4,Ue8c910f589a545ed84a5eeba7a208144,681101429,"2026-02-26 16:12:46"
4,U0f095109d7fa201c763b9a90d5937382,651115618,"2026-02-26 16:09:40"
4,Ubd3fbea898814946d0218ee835b9a09c,661100487,"2026-02-26 16:09:21"
4,U213458c6f6c26f283acb236b2b411687,681111165,"2026-02-26 16:08:50"
4,Ub39998d577aa7aeacc33c1587c44ed7a,681108722,"2026-02-26 16:08:32"
4,U6ea7eeea2a3bb15f30e9af44f74512ae,672181438,"2026-02-26 16:08:17"
4,U129e1a741ab3dacb2650250b57a89674,681900247,"2026-02-26 16:07:51"
4,U6d19f5be04f9b8db1be4d3f1c0de5534,681118353,"2026-02-26 16:07:33"
4,Uda4642d5118bb43485bc8d56668013c8,681901112,"2026-02-26 16:07:17"
4,Ue32e0edd29fef92f58c7f1c8e4dcbeb4,681900946,"2026-02-26 16:06:58"
4,Ua315bce54608ed4fa1ca39a2e28bbf93,681117137,"2026-02-26 16:06:38"
4,U4dcfa70ab1b4f59fc564e872fd2cfebd,681180897,"2026-02-26 16:06:13"
4,U8df125f0d80a7387cb075cb1d9941f65,661100275,"2026-02-26 16:05:55"
4,Ue2778aa3f42f3f1ed1d227a72b6a9691,671400635,"2026-02-26 16:05:31"
4,U9b611f12c83a83d8d4d6307c92298739,651104659,"2026-02-26 16:04:55"
4,Ub29a8a142db70d2c4006774a09421c31,661111145,"2026-02-26 16:04:35"
4,U834bb4f61299616cb7e03b8a23c9a335,631118133,"2026-02-26 16:04:16"
4,U8163d54df7da8a7aae838ce35e6cb4e7,681900679,"2026-02-26 16:03:55"
4,Ua7dfbcb4bd48fa22c985fc7585ce7da6,681900954,"2026-02-26 16:03:12"
4,U9716fd34fcd471f968d835de37853427,681118832,"2026-02-26 16:02:49"
4,Uceef71feb5c4a121e1310e010a6917c3,661115173,"2026-02-26 16:02:21"
4,U87986f3f5b94b6db5f55614d513094a2,681901023,"2026-02-26 16:01:52"
4,U268c1d3f78e5c750513e252e16ca9c14,681114359,"2026-02-26 16:01:19"
4,U3e72b4d40a0f218aa9654c85837af758,681200833,"2026-02-26 16:00:43"
4,Uaee1cc06b121c1f7bb0b7b83197ac9b9,651203152,"2026-02-26 15:58:18"
4,U4f4aab5cdda254af787798115f259f10,661201974,"2026-02-26 15:56:59"
4,Ufd6cbcf868fcb2c2fe0ec70298bcf92d,681115313,"2026-02-26 15:56:22"
4,Uebe1adf2ea7021c3bf9276a83b6e201a,661202297,"2026-02-26 15:55:47"
4,Ue2637d1788b78e2912ae48a09d47f782,661203196,"2026-02-26 15:55:25"
4,Uf887cd6913c5c9187eee72f102e23951,671111375,"2026-02-26 15:55:08"
4,Ufa7e431379ebf82443d4db7e50453e9a,671113212,"2026-02-26 15:54:49"
4,Uf98ac9f085d022bc1f10fe076d231e33,651112068,"2026-02-26 15:54:29"
4,Ud9abe17f4336c91f01c3080fc40436b6,681200605,"2026-02-26 15:53:36"
4,Ub6b8ae97618c9f1aa92eb771bf7fe1e3,651202928,"2026-02-26 15:53:05"
4,U31d41ae8aa19fbc56e9138594293428f,612200418,"2026-02-26 15:52:25"
4,U3c310f84902f4f53d6850b3739f82f74,681201546,"2026-02-26 15:50:22"
4,U703bd828d55c4a6b3239b14c52a40479,681401675,"2026-02-26 15:49:55"
4,Ua39b42e2659ef52d6b569d5930d39bb6,681402079,"2026-02-26 15:49:34"
4,Uf68b5af2080da174a4f605f366c717fd,671400253,"2026-02-26 13:59:48"
4,U2fd6a5469e012a6348c61940fd8a7382,681900904,"2026-02-26 13:59:21"
4,Ude2df1ab1e86c47df678ffd5242fd415,671202558,"2026-02-26 13:58:49"
4,Ud8dc624d4e4fb4b374d3b74e29c11063,681201245,"2026-02-26 13:57:31"
4,U45874f1ace548265b22028bb0c2e98a6,681200671,"2026-02-26 13:57:11"
4,U966fde24903b84ad2f8cfd4f05b238c3,671201382,"2026-02-26 13:56:49"
4,Ued870d8fbecc815b29c0c7e6d8041412,671201332,"2026-02-26 13:56:26"
4,Uc5ab6a4542ac8e44a5299141aa27f8fe,681107190,"2026-02-26 13:55:56"
4,Ubcae34f6f0b57ad6fe706232d2a510a0,661110636,"2026-02-26 13:55:29"
4,U6cb2a1ad8bf9c9c362afb7734e1a311f,661104855,"2026-02-26 13:55:09"
4,U16c1962b5ed2943df3e68c1da5acf7c4,671113262,"2026-02-26 13:54:31"
4,Ue5f5659338872e3c5c97bff7d332328f,681201164,"2026-02-26 13:53:51"
4,Ue4eaba7b98bb3473255f282c3c09cb68,681203069,"2026-02-26 13:53:33"
4,U75c821d252bd3c0b9cb0dc401d424a20,671401411,"2026-02-26 13:50:30"
4,U7faceb90e4575539f3e5912fc9dc2e28,681117488,"2026-02-26 13:50:06"
4,U57529d5a72aabf0100221e84cc2f730a,631109215,"2026-02-26 13:49:34"
4,Ufbec13d14b97dd261a44efdc74393eb7,671200637,"2026-02-26 13:49:12"
4,Udd8fbba4342e9fef4b768e2d8a05f921,681118620,"2026-02-26 13:48:54"
4,U028113f441b79f635d78e8c1a22c7d7b,681106649,"2026-02-26 13:48:35"
4,U37bf26be450151012359a7646e45dcc4,661115822,"2026-02-26 13:48:14"
4,U8bd9e6a93c0658d8ea6b067b5724a63b,681200435,"2026-02-26 13:47:51"
4,U963db09a80ec11bb54a743efff6b8ceb,681107750,"2026-02-26 13:47:33"
4,U1b2c9d3e505133fba16e12944cef439e,671115484,"2026-02-26 13:47:06"
4,Uf259723b82944c99d944f99b52e3f024,681201619,"2026-02-26 13:46:31"
4,Uba511b30f14318b46f289ba2fd591810,681901235,"2026-02-26 10:14:44"
4,U01b16e49a33dfcf7720ea0036ddf1822,661114135,"2026-02-26 10:14:07"
4,U040e52a7f33f497fd8d1af23615e1b33,661110238,"2026-02-26 09:06:09"
4,Ua7bdc0cd598c0d1e80a480d0d070eb8c,661105796,"2026-02-26 09:05:51"
4,U2913bfa21d914b31683de99818b371b3,671201798,"2026-02-26 09:05:26"
4,U64191d4e01856bc09e955bdaabc92414,661116323,"2026-02-26 09:04:44"
4,U92fe3ed1132e17fecdb873b81040674f,621203596,"2026-02-26 09:01:41"
4,U6fdb4bce3323f77a77747707673e475b,681200493,"2026-02-26 09:01:20"
4,U8c30ca68f91c6b0129624e60769fc6c5,671203130,"2026-02-26 09:01:01"
4,U054a7610aa65284c43a7f64923246ec1,671202639,"2026-02-26 09:00:46"
4,U59b297ef7360bf896f4d5a6edba89455,641170064,"2026-02-26 09:00:14"
4,U501dc3ca8edb64b44abe34c2d30173e2,681200778,"2026-02-26 08:59:54"
4,U99f6a0c8f40ee586697b5894876a54b8,671113759,"2026-02-26 08:59:34"
4,U81b1266b595b80ee162a90b5c21bfeb7,681900564,"2026-02-26 08:59:14"
4,U9fd5b233ea0123ec8f089f70cf8d9ea5,681200469,"2026-02-26 08:58:57"
4,Uadede808d6409ab6500f775d1f039a71,661104928,"2026-02-26 08:58:17"
4,Ua17aa9c596cd7d8b280dcf26513b197c,681200299,"2026-02-26 08:55:43"
4,U96d6f0d7c0edc4279fe1a0884fe0d5e4,681107580,"2026-02-26 08:54:57"
4,Uc71031d676691428ff3a58b1063a19c9,681200702,"2026-02-26 08:54:09"
4,Ucb8c9e037108b7b241a94d63d8c871f2,651109730,"2026-02-26 08:53:50"
4,Uf3ff48a8b3b09766b8d3765b5cf81e24,681900734,"2026-02-26 08:52:42"
4,Uc1a32965b9d97e0592f79f64682bb514,671202540,"2026-02-26 08:52:21"
4,U92e832fe8be9c36d57b57683f754eb99,681114781,"2026-02-25 14:18:57"
4,U24bd784cbbf1a25b2d17412fb6738769,681104265,"2026-02-25 14:18:48"
4,U1d0d35abe8a636a3a7a04a0af28f3637,681900750,"2026-02-25 14:18:37"
4,U6bd7917e6fcf452530eaf6f263a9f31c,681401984,"2026-02-25 14:18:18"
4,U34d642db51cc322626a9b97e7cda557a,652100200,"2026-02-25 14:18:01"
4,U4eb886a31ca1c03054d207f9a027d0a6,681900970,"2026-02-24 17:31:25"
4,Ue0a7b3abff01fbbbfa9bf8319888a3bf,681401162,"2026-02-24 17:28:03"
4,U6ab56128942c788c7c197a597a284e09,681900441,"2026-02-24 17:27:39"
4,U0d842fedd8efd72f89e16292d9e45a37,681400734,"2026-02-24 17:26:57"
4,Uc255be124d75df739217f6866fed2727,671203300,"2026-02-24 17:26:34"
4,U6cd3471ba91468fde0a93c5f1b045c0e,691900142,"2026-02-24 17:25:58"
4,U3182513befc5ee47ab8e6b734ddd5831,681113840,"2026-02-24 17:25:42"
4,Ucbce8e68038501a7603afaf9b8ab77aa,671203237,"2026-02-24 17:25:19"
4,U1ad67d9cc8a1588b345f754f4caae013,681900174,"2026-02-24 17:23:05"
4,Ufd469c0d5b2b20b74288664d0ec62776,671202029,"2026-02-24 17:22:50"
4,Uab076e6bb2f9704a1eab0bb0383e7d05,661203099,"2026-02-24 17:22:24"
4,Uec9e844fcac90e53843986170d8260ba,681900386,"2026-02-24 17:18:13"
4,U1a091406b31e2850713b16376b7fcc92,671109556,"2026-02-24 17:17:42"
4,U783815da600aae7d74b864cf823ea0e4,681900433,"2026-02-24 17:16:43"
4,U95bb0152a5ee16a6019bde9c939923d8,681900344,"2026-02-24 17:15:46"
4,U37572a4b889a70a1594e2fd7c1740981,671118296,"2026-02-24 17:15:06"
4,Ud53e2e13b2b4d642808107629e729abd,641118371,"2026-02-24 17:14:15"
4,U8a9e8175e8fb8ec95a338752863c02f9,681900912,"2026-02-24 17:12:01"
4,U9419eef91a2bed9dc48925222aa37ed7,671114226,"2026-02-24 17:11:07"
4,U61f16c7d17634ae1016958ce37632221,671118767,"2026-02-24 16:55:44"
4,Uc02cc54dde34cfbad74aec63b7c89bf5,691900150,"2026-02-24 16:55:29"
4,U95c9b8a43fe618d790bbb9bcdb13b00b,661201746,"2026-02-24 16:54:32"
4,U8d1b6548228d410b3880fcc736c12469,681203433,"2026-02-24 16:51:31"
4,Uc74f7e38baa2b0161d9b21e920590988,681102679,"2026-02-24 16:51:12"
4,U03cc1c63ffb267c0c5a7ae56bf3e98f0,671109328,"2026-02-24 16:50:07"
4,Uf28319202bbfae472da65a1d2502d8cd,681118345,"2026-02-24 16:45:49"
4,Udcf08cde87c8104d86309f7437317f9d,681500518,"2026-02-24 16:45:03"
4,Ue07ee5ff30441481160ba589ee4f5173,671115206,"2026-02-24 16:44:35"
4,U61f8b2e36a4e60da3cd7af554ccfbe50,671401649,"2026-02-24 16:43:44"
4,Ub36b8573329960233987bc4c0966bcf0,681113735,"2026-02-24 16:42:10"
4,Ub06753718a35ac923d6eadbb05d55e0d,671118741,"2026-02-24 16:41:45"
4,U7236397ba7cfed5bcfdb0616a9ad535b,661109033,"2026-02-24 16:41:17"
4,Ufdf3fb768ca4607102efae61213d9f40,661108833,"2026-02-24 16:40:57"
4,Ub7aafbcff93d1b3171d047a6c49a94b4,671203229,"2026-02-24 16:40:40"
4,U6b3a74f94b5abb5832526128fed03853,661107007,"2026-02-24 16:40:26"
4,Ue0704cec89eb193e37b4becff5313e8e,671202451,"2026-02-24 16:40:06"
4,Ub3a099e2f41e6f856899dd737aa36f4f,681202194,"2026-02-24 16:39:34"
4,U252086d28d7f4ef1d57eb7367ec0fd49,681112941,"2026-02-24 16:39:16"
4,U88677b9c56edaf9e59edb82b46397856,681117577,"2026-02-24 16:38:40"
4,U95dc4ad2207cd9b6adad009708a5da16,681202437,"2026-02-24 16:38:15"
4,U60152e8d36d7c10cc4d7ea26383fe71f,661170115,"2026-02-24 16:37:53"
4,U2c11741b7d41472053a926e7f176cede,681201261,"2026-02-24 16:37:11"
4,Uf7241067019537989581a1ea07132041,681117268,"2026-02-24 16:36:15"
4,Uf46cad69f94d4b49ffce80796d1f1926,681117323,"2026-02-24 16:35:44"
4,U35cf25c241ae8307e84e87284ae756cd,681117331,"2026-02-24 16:35:22"
4,U205a230d89a6fd41356fd067546e4abf,681201457,"2026-02-24 16:35:04"
4,U39ec0332293707d6430e463941d3bc12,671111684,"2026-02-24 16:34:43"
4,Ube0f926560eee32082acbc1fc6b2efcc,672100076,"2026-02-24 16:34:30"
4,U492217fccedea6bf15e7652c81cd34d2,681900417,"2026-02-24 16:30:51"
4,Ue681e7b29762852e00cde7df7ed05f86,681202592,"2026-02-24 16:28:46"
4,U3e51a9721283f065b16bca030716eb8a,671201968,"2026-02-24 16:28:12"
4,U9fbb2c1bdd6b01bc7b380187b3d22f21,671201057,"2026-02-24 16:27:13"
4,U9a1f46188abc2995683297454447a69b,681117967,"2026-02-24 16:26:34"
4,U123391d701b92d756a6745bf263bf13a,671202891,"2026-02-24 16:26:14"
4,U81b3f95c9e3ff06af8da58dc56f8b638,681203190,"2026-02-24 16:25:32"
4,Ud92be01400f620fbfa9d5dcaa3d8d35d,681102213,"2026-02-24 16:24:59"
4,Uce0d17368cdc822ee633b4416f2d7131,661116593,"2026-02-24 16:24:14"
4,U1b3e13d4c032df6f5aa3bdf8ac0be10c,681201025,"2026-02-24 16:23:54"
4,Ua87af3988388530ac3eee6a13047624e,681202322,"2026-02-24 16:23:05"
4,Uefae78b3e3f89e3d3539b3f32fb8060a,681103714,"2026-02-24 16:22:36"
4,U3ae1c60533dd8bcb64157033d44fb0da,671113432,"2026-02-24 16:22:14"
4,U73969bf23638ea8b267769c4f15e232d,681202534,"2026-02-24 16:21:04"
4,Ud8cf3a197b03f179de9149f60fa6d6ed,661112434,"2026-02-24 16:20:25"
4,Uf5d108fc564b9ba2a19d90bca1d7ad43,661117117,"2026-02-24 16:20:06"
4,U043663c27dc8d04113a6441b4b49bbe6,681115054,"2026-02-24 16:19:46"
4,U43975f4590ff729b151b82482dc4ea77,671113369,"2026-02-24 16:19:23"
4,Ue16a51bffc4368d2a7166f74f225dea0,691201580,"2026-02-24 16:18:57"
4,Ue12ea0c102af852ea34d270c4c385a43,681202039,"2026-02-24 16:18:06"
4,Ue8458d34098551040c9ee1ecfb280de8,681900742,"2026-02-24 16:16:57"
4,Ufb33be8b209c879d9ade5dce3196c290,672200012,"2026-02-24 16:16:25"
4,U58dbf4621eea02c2449ad409630e4f5a,681900116,"2026-02-24 16:15:48"
4,Ubac18e4c9a5ae30881e85807df6e9ba3,682200064,"2026-02-24 16:14:26"
4,U658ecfe544b9e83c5369e79d6e80339f,681202128,"2026-02-24 16:13:31"
4,U17218bc5c367c3ea06bc229d5f0dcdb2,681106518,"2026-02-24 16:12:47"
4,U4eadf0593ee750bdf3cec3280281a78e,681900069,"2026-02-24 16:10:05"
4,Ubf64790aff6a6b6333c549bd9839299d,691201661,"2026-02-24 16:07:29"
4,Uebb849fb91278110464be290a7830b00,681900629,"2026-02-24 16:06:09"
4,U44cde6397f76c48ee0424d2fb5b3468c,681900140,"2026-02-24 16:05:27"
4,U41972ec3d257e4f3e6ae3d9ad8bdee59,681203247,"2026-02-24 16:02:49"
4,U37814e53882d3ce9efb2a75cf6768d75,661116739,"2026-02-24 16:02:12"
4,Ua7bfc7840ab6b91ce8877acbfb134a2f,641119783,"2026-02-24 16:01:06"
4,U7fd2455f3e9efba7997a2b7dfdce5176,661117002,"2026-02-24 15:57:17"
4,U0339600cba6439833ef65346b37034b5,671109360,"2026-02-24 15:56:29"
4,Uc2439e43963d4b64019e01b0433e2fd2,651113056,"2026-02-24 15:55:34"
4,U09a107d6578d68d9a2c7afbbc3cfce33,651100744,"2026-02-24 15:55:15"
4,U752557ba68fd018c9656bf426d24a6c3,661108524,"2026-02-24 15:54:45"
4,U61c5719925e8eca85e46ec36c9e9c751,671100675,"2026-02-24 15:53:56"
4,U625909ad191d20907b7c6f96a81897ff,671118848,"2026-02-24 15:53:06"
4,U3a9922ca41787c0c836d1a4277874300,681102239,"2026-02-24 15:52:37"
4,U85790b65a9656265c19848f11181fc06,661111705,"2026-02-24 15:52:04"
4,U9f188a5df8ba72fe9812a03f26757f40,681203108,"2026-02-24 15:51:42"
4,U1b409f64a93731468efcdeda22c91c34,671115573,"2026-02-24 15:51:04"
4,Ue3082e56181a51d36051c981d0d6f19e,651101952,"2026-02-24 15:50:26"
4,Ucbbfc96ccd1f6d2a00213548565cc830,681103285,"2026-02-24 15:50:01"
4,Ua9dd13b62a1edf84acefc9b8b97cf390,681103015,"2026-02-24 15:49:32"
4,U86329e5259c04724efb31269a6a51628,681117797,"2026-02-24 15:48:56"
4,U36cf38145d5ea758f523be9e56d57e7a,681202631,"2026-02-24 15:44:04"
4,Ua14dd6d0d7386d78520fc8014e3181a4,661116747,"2026-02-24 15:43:25"
4,U96778824896da5fcc77165b85faf5924,681117496,"2026-02-24 15:42:50"
4,U21f14d44b58ae5b4f210b4ee0a2d080c,661115741,"2026-02-24 15:42:19"
4,U6521de3a5d0c03ffcff7fdfbef471792,681109142,"2026-02-24 15:41:41"
4,Ueca4199d62d7152cf108122e2b8edf33,681102556,"2026-02-24 15:41:25"
4,Ucef7582f20dedca6a9b0b37a1ecfbf53,671107091,"2026-02-24 15:41:05"
4,U017ee98597b3577a65683f6b5773dc8e,681107734,"2026-02-24 15:40:46"
4,U8e2ab4cb6c365c0632eb2aba199894e4,681900093,"2026-02-24 15:40:26"
4,Ue62f08cc15ae132b7d46c2758e0b2e15,631111628,"2026-02-24 15:40:07"
4,Ueac261c842c28d26fa5fcf7020b7da6b,661111894,"2026-02-24 15:39:36"
4,U7f1379a3b83bd816e2c9c943ff177535,671119381,"2026-02-24 15:38:11"
4,U7ea6a741d5ee8b00a651a8b092c14f69,681202267,"2026-02-24 15:36:41"
4,U1465e932de26a12c73a2e0ed259e45fa,671104409,"2026-02-24 15:34:48"
4,Ua9b0079ff134cefb073a4e98861c0a2a,671101689,"2026-02-24 15:34:28"
4,Uc22dc62a61307ffbee18f004df4b8d87,661110018,"2026-02-24 15:32:37"
4,U8e485cf25d526e10ed72830468384fc1,651113828,"2026-02-24 15:30:13"
4,U65addd67b5dc515a00215a29cdc1269e,631205516,"2026-02-24 15:29:38"
4,Uc0b5e12bd3a61c6b7749f2daca90ed85,681901015,"2026-02-24 15:29:08"
4,U32be1d7e82ac48d740734f132f28982c,661114305,"2026-02-24 15:28:49"
4,Ue12d0117ceb9e1d9d1a2940bbbbac978,681116644,"2026-02-24 15:28:28"
4,U478fbeaf24e98ca6cbb10106deae8492,661107243,"2026-02-24 15:27:36"
4,U3d6a6cbf58208a3dc121a7d3b55d0ee7,661114567,"2026-02-24 15:26:52"
4,U263d31ee9b5701cf322d9c8134c32f80,681116589,"2026-02-24 15:26:13"
4,U6e319016d415cd434e885f8f64c2c006,681200087,"2026-02-24 15:25:48"
4,Uad6757f4e1c0fd11ef7df80ce0f197a6,661107340,"2026-02-24 15:25:26"
4,U19b6cb4be50181fa7563f913b720e457,671118115,"2026-02-24 15:24:51"
4,U1dcc6592e87ef40c84cbfba63e6c55e1,681900831,"2026-02-24 15:24:01"
4,Ude7ddae3fd6165ed7e8cb5d3e1dd265a,661116894,"2026-02-24 15:23:21"
4,U1cc0689f7f1e92046d97462e13a65db2,681117470,"2026-02-24 15:15:42"
4,U856f0059552e703f96a7f48f56f89fba,671170028,"2026-02-24 15:15:05"
4,U97986422248d46ab34f1918ad96599c5,681900603,"2026-02-24 15:14:25"
4,U1cc19110c04d61074d7faf724d1744b9,681900792,"2026-02-24 15:13:52"
4,Ua32acda92c5824aa270ca0bb2c208596,681901196,"2026-02-24 15:12:53"
4,U6c043ebef7d55b26761e0e094348f9bf,681113557,"2026-02-24 15:11:37"
4,U0b27151a7693ec188762a268e01bb814,681113573,"2026-02-24 15:11:14"
4,U8ae6b071f351bd6495260fbff41ec84d,681112886,"2026-02-24 15:11:03"
4,U2fdecfc15fe569874abe69f40fd01c55,681114074,"2026-02-24 15:10:36"
4,Ua4280c75a5539ba22458802a42db8029,671114072,"2026-02-24 15:10:24"
4,U8fccb17564c8b803bcc81ed14a0ab758,671106061,"2026-02-24 15:08:33"
4,U3ac4892a64be043c3212b1f3856fc29c,671202948,"2026-02-24 15:08:17"
4,Ube11c64d3bab414ae830052945733141,641108473,"2026-02-24 15:08:03"
4,Ud1a57b515ca7f45f98c0edbf17045285,681117933,"2026-02-24 15:07:46"
4,U9a4d7d3e39e0a86984a059a985d8a77d,671111383,"2026-02-24 15:07:45"
4,U3c85679cdb45122a275af88a6c4d081d,671114674,"2026-02-24 15:03:45"
4,U40bcd963558179d7ebb111c2b0e19024,681203239,"2026-02-24 15:01:28"
4,Uce42c28149f2a1f4c826ac553d5d70e6,671104108,"2026-02-24 14:59:37"
4,Uf93973df12406aeb9d98e60a65d90702,681202924,"2026-02-24 14:59:09"
4,Uec7fb5da6c5931d1a41b2f2a741cfb6c,671202168,"2026-02-24 14:58:16"
4,Ub87883771cdb392ff33ec0ab238804e5,671202184,"2026-02-24 14:58:00"
4,U87960b71885642444844802974dc736b,681108219,"2026-02-24 14:57:39"
4,U998b37ec8d3ee00456249b49a4000b22,681113866,"2026-02-24 14:57:13"
4,U0ba0bb51bdf5c55eb1a9b92be047fc0b,691104607,"2026-02-24 14:56:50"
4,U52e9a90253ef7026ba894d0274c028f5,671119420,"2026-02-24 14:55:22"
4,U2b7e5916f3daf45d1aca11af1bb1cc40,661114795,"2026-02-24 14:55:05"
4,U7c6a70806ef7beb2ab7bf223ec1897c2,651117246,"2026-02-24 14:54:26"
4,U94ed625c858cc296d6704b201252a7b5,681900394,"2026-02-24 14:53:53"
4,Ud90aa09b59e8cea3a3f26f8693140009,681901081,"2026-02-24 14:53:32"
4,U40458f43e176040aed3f1f7ec0b2c48f,681108112,"2026-02-24 14:53:10"
4,U8d6d456493800d18efa1d91b6fd045fb,661116860,"2026-02-24 14:52:43"
4,U33d3de142deafbd323ff3b520afa2e54,691102663,"2026-02-24 14:52:06"
4,U04b0f0686f8d9086466b2b76e8bdbab0,661113359,"2026-02-24 14:51:41"
4,U9d0ec1ff8246429a77586cb1f9a633bf,681200590,"2026-02-24 14:51:12"
4,U0efc7879e0c14fef2f9691722c61ba91,661110173,"2026-02-24 14:49:23"
4,U7b18164af1726749ec2446d07dd22c4e,681201871,"2026-02-24 14:48:09"
4,Uf2850e4b755c3ba92133a7a3c2cd7d3c,681116686,"2026-02-24 14:47:44"
4,U65569d08560b197858bd5c6d6dfa67aa,681106356,"2026-02-24 14:47:12"
4,Ue8ff893ebb9a608806bbc6309ab255ca,652100145,"2026-02-24 14:46:36"
4,U2423dcfea13f8fccbdaa85ddd77be4d6,681117276,"2026-02-24 14:39:22"
4,U984610b1e8abe5e5fa61d7abe703123f,661111886,"2026-02-24 14:38:53"
4,Ue70de1f664a0b3993fa7edea71387fec,671109776,"2026-02-24 14:38:30"
4,U214627de1be457797052d790cc03b748,671110604,"2026-02-24 14:38:01"
4,U7be02eba907acc6f0697e705d647c6be,661116682,"2026-02-24 14:37:33"
4,U25db97db0ca8167a9bc7e1c448a851ba,681104998,"2026-02-24 14:37:09"
4,U2ab6f73f8c401eebd638e9e6363307d2,661107609,"2026-02-24 14:34:31"
4,U9b142c9724ea6acd333350af8468df3d,681115509,"2026-02-24 14:33:45"
4,U88e5f3fdcfb46a7f5414191d132164bb,631116872,"2026-02-24 14:33:01"
4,Uf17a8d8a17e91ee44230b8348ab27ece,661105479,"2026-02-24 14:25:13"
4,U845b135cd9c6d74fca6f821ba7cec2eb,681203271,"2026-02-24 14:24:48"
4,Ub1008557cf728f1a58952cf1e632f8ee,661103859,"2026-02-24 14:24:04"
4,Ucecd78f9abc4db92182b661d4e63b9eb,671115256,"2026-02-24 14:23:38"
4,Ufe6342a1e339125b6b7f9e2ed399a900,661113422,"2026-02-24 14:22:26"
4,U53c515368446f8951d77ed9972979d04,691900045,"2026-02-24 14:21:34"
4,U1cd1c2a388946dead360bae9b5d12e14,671401916,"2026-02-24 14:21:14"
4,U1a6f769e7d6217a057867e7ac1c3a509,651109439,"2026-02-24 14:20:31"
4,Ud91a4895e872414e8992e9441cf7e54c,661110929,"2026-02-24 14:20:10"
4,Uf55e3f1ff365ddabe36025a22922a4fa,681500013,"2026-02-24 14:19:25"
4,Uacaa46082f6b169a36be6fe71b5ad4fc,681900425,"2026-02-24 14:18:27"
4,U6ad46d2438a0e6685daddca87c95f81e,661109473,"2026-02-24 14:18:12"
4,U2e57ea63fb6a7438c6648da73d4dff4d,671500621,"2026-02-24 14:16:26"
4,U555ffdcc501d597a12d1f366c67e0821,681108691,"2026-02-24 14:15:48"
4,Ufc5efd744935e8d7d366ea4245aa4a4f,661106988,"2026-02-24 14:15:28"
4,U2a2c84056cdf80f88d0dac034166db11,671119234,"2026-02-24 14:15:06"
4,Ue2569f1941c9bb380cdb3d2c59eefdca,671117177,"2026-02-24 14:14:01"
4,U5090268a53cd14919462009bacdc1c31,661110204,"2026-02-24 14:13:28"
4,U0f1e7fc10baba5f16f9dfb048542bca6,681114618,"2026-02-24 14:13:06"
4,Ub2248509dc796f76c3334e9487da2437,681203459,"2026-02-24 14:12:22"
4,Udbeaeda126b6ae9ed5f7bbb6dd00fcc5,671201358,"2026-02-24 14:11:59"
4,U46277ee0e77687cba69c4b1d929954ee,681112022,"2026-02-24 14:11:38"
4,Uf67ace9277f9368e9d33b0c57af61796,661111682,"2026-02-24 14:11:16"
4,U702d7792faba5bbd3a2eb2f1ceb7b052,681200176,"2026-02-24 14:10:35"
4,U9b00b6b1f04adc95f1f2b6542a9ab390,671115468,"2026-02-24 14:10:05"
4,U0608717096a94503de373b3b924a989d,681201724,"2026-02-24 14:05:48"
4,U57073f0b21f13e934a925bb6f744b184,681112268,"2026-02-24 14:04:00"
4,U34e5fff524cae4c862d39b46b499b401,661113325,"2026-02-24 14:03:34"
4,U1dfa3d1e01aff782cdc0d6ba0a4aede8,671200645,"2026-02-24 14:02:23"
4,Udf35c48821ce6d57c13043a0778be2a2,671202508,"2026-02-24 13:58:31"
4,Ufa3d208fa48610f076b890ac4773377b,671201780,"2026-02-24 13:57:05"
4,U787c862ea886230d2a487cd88f46f932,661114208,"2026-02-24 13:56:29"
4,U0a3dacc19616aa3378c8c1b7c2c30dec,681115494,"2026-02-24 13:53:50"
4,U1d1a4aed54d7850a1be84e05fd517c8e,671119048,"2026-02-24 13:51:49"
4,Uac86eeeaea3daa26a0dd9f39e1ac96b5,681201083,"2026-02-24 13:47:16"
4,Ud3429416092167a9d11b3664f7f5fcfc,681117438,"2026-02-24 13:46:39"
4,Udc6f722b3ba4eabd381d4ac2fa5460fe,681117917,"2026-02-24 13:41:35"
4,Udf0161f4dde3ef44e497b03db9b854a4,681113971,"2026-02-24 12:20:51"
4,U2594f55fe5d43e6b34ccb3bb93d903d0,671104962,"2026-02-24 12:15:45"
4,Uab64e91efa4530adfccae24f7f622358,681102506,"2026-02-24 12:15:04"
4,Uaaebed71f090c44d0dc807bd256fb008,681170020,"2026-02-24 12:13:19"
4,U0f584ddcde119eba5c8730126f243265,631101720,"2026-02-24 12:12:47"
4,Ue9ecab1c6a1278260afe38ff4730c583,671116448,"2026-02-24 12:12:12"
4,U34945e4e1cecaf1cb8eecc6d2750f97e,681106348,"2026-02-24 12:10:11"
4,U421f0462cbd09645800efe455f37756f,671114624,"2026-02-24 12:07:15"
4,U80f54c7c66538ee360854b9fe9fdf1d3,651104722,"2026-02-24 12:06:12"
4,U9d960c98a3823eb13b27f53617571440,671117931,"2026-02-24 12:03:50"
4,U2f32d430c63dc0dca77bf192cedef0a9,671118212,"2026-02-24 12:02:56"
4,U79211e6957970ee5b8d4f18eb9886b99,661108257,"2026-02-24 12:01:57"
4,Ued516480e359674623437ff3d3722df8,681114260,"2026-02-24 12:00:35"
4,U440c9946ab4407595dba189af3236871,671117127,"2026-02-24 12:00:06"
4,U2695ae122d29d2982746bf2c68e2890d,681103633,"2026-02-24 11:58:12"
4,Ubf081d15db650cc2f42781edcebf41b7,671114535,"2026-02-24 11:57:54"
4,U17c486ff4a9e61e475b4e9bf02fcd84a,661107489,"2026-02-24 11:52:58"
4,Uc48958ee9ade9ad4245533254d8e3b91,681108031,"2026-02-24 11:52:31"
4,Ue068ea25368b2a4936a958fb1140a95a,661110961,"2026-02-24 11:51:58"
4,Ud03a90f559e18c9dcaa8763cf3752a0a,681118905,"2026-02-24 11:51:12"
4,U23fe05aad1a70d90a79a2389c205332d,681108641,"2026-02-24 11:50:52"
4,Ueae4b100b2e183d149c49a80cdb5cb20,671107994,"2026-02-24 11:50:11"
4,U231d212f834bd7b55fa8679bf20c95ac,681113565,"2026-02-24 11:49:44"
4,U43d5c668200aeaf6fbac18339c569c72,681116343,"2026-02-24 11:48:38"
4,Uccb319683d02e4844b712bf4274cc546,681108146,"2026-02-24 11:46:56"
4,U3d63db79882a40d01a753a7264d277ec,681113921,"2026-02-24 11:46:35"
4,U57ebb47e93fccfbe0a9644eb12533002,651106978,"2026-02-24 11:45:32"
4,Uf053260e590a69db178d743552aa8815,661105364,"2026-02-24 11:44:53"
4,Uc7cff87a107d1e57edb0439ae7567805,681116270,"2026-02-24 11:37:13"
4,U82840487e5219e2fbd012ee4f706683a,671100578,"2026-02-24 11:36:53"
4,U59e56da5dc6c95651eed446c43388c46,691111345,"2026-02-24 11:36:27"
4,Ua0e1bc8cfcfcc7c69be0742e1ea76dc5,681112226,"2026-02-24 11:33:57"
4,U53126ac8b44c72c47d859b06f8d15f39,671105722,"2026-02-24 11:31:56"
4,U57b39566c4bde786d3ff5c1d93f226fa,671115141,"2026-02-24 11:30:42"
4,U9e9e88fdf3c550aebb7940db43489fe4,691201386,"2026-02-24 11:30:17"
4,U49b260cc081cc0687c72ab2830d41f57,671116189,"2026-02-24 11:29:24"
4,Ub8142604c3696b051da6e35512483b48,661111747,"2026-02-24 11:26:38"
4,U5ac878847e7778d2ad520a44e5bda13d,681115208,"2026-02-24 11:14:27"
4,U6aaedb2b6b8420c51d6f5224f78f1eb9,641200568,"2026-02-24 11:13:30"
4,U2326f5c2e30bc59afcb7b6aaf77df706,681112129,"2026-02-24 11:11:16"
4,U1d21f2381775abcaa536db3f8afc3f89,661105550,"2026-02-24 11:09:02"
4,Ua29212e0d387adda61ac4d4773cd9d38,661111810,"2026-02-24 11:08:33"
4,U3ae4a1968e5df18a36112dea9b907d21,681119066,"2026-02-24 11:08:11"
4,U8ba7996e1b6c498bf0eecb34efd2abfc,661115521,"2026-02-24 11:07:50"
4,U42c350772cbd88e1fa11a724d26ee633,681118256,"2026-02-24 11:07:31"
4,Uf8ebce9a8113ceb2ef6fca027e8401c8,681400857,"2026-02-24 11:06:51"
4,Uc11f9fcc91d1b055b7b3a054dd0d8462,681113387,"2026-02-24 11:06:17"
4,U2d0ca255cfd51cfc1fca2048e1c0c986,681111115,"2026-02-24 11:05:12"
4,U74cdb114463dd93d09d6df50eca303c1,671203295,"2026-02-24 11:02:34"
4,Ud561276d70fddfca2087c34414e0da22,681200388,"2026-02-24 11:02:13"
4,Ucaa50ee30585b0549fe12b4d781023e1,681900108,"2026-02-24 11:01:38"
4,U4345b14ffef906c3e982150e430f401b,641106358,"2026-02-24 11:01:00"
4,U7f3eb6d3dd1c0323b1687a5f6d4fb606,681106607,"2026-02-24 11:00:18"
4,Ue02d3b234e746fa4fd4b2d0fa51a57e0,681202877,"2026-02-24 10:59:41"
4,U6176fb4df2cf91ec27b21d9f4f8dc892,681118264,"2026-02-24 10:59:16"
4,Uf5405c6d1f6e4ff889299245d7e006cf,671119412,"2026-02-24 10:55:07"
4,U782b789cd47a4ab58ad515a1c8afa751,671201552,"2026-02-24 10:45:51"
4,U912c5f546708e9f291474ef5f6a9ea08,691900760,"2026-02-24 10:39:26"
4,U14c3575a21e55c6f4fb7c9776a0b254c,681116351,"2026-02-23 11:06:09"
4,Ub05c8e14eacdf414b955aa56a87957a1,671203334,"2026-02-20 14:41:23"
4,U7076a9a253f58a04e3160e23f3864fe2,671400897,"2026-02-13 11:11:13"
4,U227eec616f18f3bd1782e7bd8968401e,651103386,"2026-02-12 09:33:55"
